# ************************************************************
# Sequel Pro SQL dump
# Versión 4541
#
# http://www.sequelpro.com/
# https://github.com/sequelpro/sequelpro
#
# Host: 127.0.0.1 (MySQL 5.7.39)
# Base de datos: BDrepuestosNazca
# Tiempo de Generación: 2025-09-05 22:11:13 +0000
# ************************************************************


/*!40101 SET @OLD_CHARACTER_SET_CLIENT=@@CHARACTER_SET_CLIENT */;
/*!40101 SET @OLD_CHARACTER_SET_RESULTS=@@CHARACTER_SET_RESULTS */;
/*!40101 SET @OLD_COLLATION_CONNECTION=@@COLLATION_CONNECTION */;
/*!40101 SET NAMES utf8 */;
/*!40014 SET @OLD_FOREIGN_KEY_CHECKS=@@FOREIGN_KEY_CHECKS, FOREIGN_KEY_CHECKS=0 */;
/*!40101 SET @OLD_SQL_MODE=@@SQL_MODE, SQL_MODE='NO_AUTO_VALUE_ON_ZERO' */;
/*!40111 SET @OLD_SQL_NOTES=@@SQL_NOTES, SQL_NOTES=0 */;


# Volcado de tabla caja_apertura_cierre
# ------------------------------------------------------------

DROP TABLE IF EXISTS `caja_apertura_cierre`;

CREATE TABLE `caja_apertura_cierre` (
  `id_caja` bigint(20) unsigned NOT NULL AUTO_INCREMENT,
  `id_sede` smallint(5) unsigned NOT NULL,
  `id_usuario` int(10) unsigned NOT NULL,
  `fecha_apertura` datetime NOT NULL,
  `monto_inicial` decimal(12,2) DEFAULT '0.00',
  `fecha_cierre` datetime DEFAULT NULL,
  `monto_cierre` decimal(12,2) DEFAULT NULL,
  `estado` enum('ABIERTA','CERRADA') DEFAULT 'ABIERTA',
  PRIMARY KEY (`id_caja`)
) ENGINE=InnoDB DEFAULT CHARSET=utf8;



# Volcado de tabla caja_movimiento
# ------------------------------------------------------------

DROP TABLE IF EXISTS `caja_movimiento`;

CREATE TABLE `caja_movimiento` (
  `id_mov_caja` bigint(20) unsigned NOT NULL AUTO_INCREMENT,
  `id_caja` bigint(20) unsigned NOT NULL,
  `fecha` datetime NOT NULL,
  `tipo` enum('INGRESO','EGRESO') NOT NULL,
  `fuente` enum('VENTA','DEVOLUCION','ARQUEO','OTRO') NOT NULL,
  `id_fuente` bigint(20) unsigned DEFAULT NULL COMMENT 'ej: venta o nota de crédito',
  `id_medio_pago` tinyint(3) unsigned DEFAULT NULL COMMENT 'opcional (para análisis por medio)',
  `monto` decimal(12,2) NOT NULL,
  `moneda` int(10) unsigned NOT NULL,
  `observacion` varchar(240) DEFAULT NULL,
  PRIMARY KEY (`id_mov_caja`),
  KEY `idx_por_medio` (`id_medio_pago`,`fecha`)
) ENGINE=InnoDB DEFAULT CHARSET=utf8;



# Volcado de tabla calculoISC
# ------------------------------------------------------------

DROP TABLE IF EXISTS `calculoISC`;

CREATE TABLE `calculoISC` (
  `id_CalculoISC` int(11) unsigned NOT NULL AUTO_INCREMENT,
  `Codigo_CalculoISC` varchar(2) DEFAULT NULL,
  `Descripcion` varchar(100) DEFAULT NULL,
  PRIMARY KEY (`id_CalculoISC`)
) ENGINE=InnoDB DEFAULT CHARSET=utf8;

LOCK TABLES `calculoISC` WRITE;
/*!40000 ALTER TABLE `calculoISC` DISABLE KEYS */;

INSERT INTO `calculoISC` (`id_CalculoISC`, `Codigo_CalculoISC`, `Descripcion`)
VALUES
	(1,'01','Sistema al valor (Apéndice IV, lit. A – T.U.O IGV e ISC)'),
	(2,'02','Aplicación del Monto Fijo (Apéndice IV, lit. B – T.U.O IGV e ISC)'),
	(3,'03','Sistema de Precios de Venta al Público (Apéndice IV, lit. C – T.U.O IGV e ISC)');

/*!40000 ALTER TABLE `calculoISC` ENABLE KEYS */;
UNLOCK TABLES;


# Volcado de tabla CamposSunat
# ------------------------------------------------------------

DROP TABLE IF EXISTS `CamposSunat`;

CREATE TABLE `CamposSunat` (
  `id_CamposSunat` int(11) unsigned NOT NULL AUTO_INCREMENT,
  `TablaRelacionada` varchar(200) DEFAULT NULL,
  `CampoSunat` varchar(200) DEFAULT NULL,
  PRIMARY KEY (`id_CamposSunat`)
) ENGINE=InnoDB DEFAULT CHARSET=utf8;

LOCK TABLES `CamposSunat` WRITE;
/*!40000 ALTER TABLE `CamposSunat` DISABLE KEYS */;

INSERT INTO `CamposSunat` (`id_CamposSunat`, `TablaRelacionada`, `CampoSunat`)
VALUES
	(1,'tipo_monedas','cbc:DocumentCurrencyCode'),
	(2,'tipo_documentoVenta','cbc:InvoiceTypeCode'),
	(3,'doc_identificacion','cbc:AdditionalAccountID'),
	(4,'unidades_medida_unece','@UnitCode'),
	(5,'tipo_tributos','cbc:TaxTypeCode'),
	(6,'tipo_afectacionIGV','cbc:TaxExemptionReasonCode'),
	(7,'calculoISC','cbc: TierRange'),
	(8,'tipo_NotaCredito','cbc:ResponseCode'),
	(9,'ubigeo_inei','./cac:RegistrationAddress/cbc:ID');

/*!40000 ALTER TABLE `CamposSunat` ENABLE KEYS */;
UNLOCK TABLES;


# Volcado de tabla catalogo_medio_pago
# ------------------------------------------------------------

DROP TABLE IF EXISTS `catalogo_medio_pago`;

CREATE TABLE `catalogo_medio_pago` (
  `id_medio_pago` tinyint(3) unsigned NOT NULL AUTO_INCREMENT,
  `codigo` varchar(10) NOT NULL DEFAULT '' COMMENT '(p.ej: EFECTIVO, TARJETA, TRANSF, YAPE, PLIN)',
  `descripcion` varchar(60) NOT NULL,
  PRIMARY KEY (`id_medio_pago`),
  UNIQUE KEY `uk_codigo` (`codigo`)
) ENGINE=InnoDB DEFAULT CHARSET=utf8;



# Volcado de tabla categoriaProductos
# ------------------------------------------------------------

DROP TABLE IF EXISTS `categoriaProductos`;

CREATE TABLE `categoriaProductos` (
  `id_categoria` smallint(5) unsigned NOT NULL AUTO_INCREMENT,
  `clasificacion_general` varchar(60) DEFAULT '',
  `nombre_especifico` varchar(60) DEFAULT NULL,
  PRIMARY KEY (`id_categoria`)
) ENGINE=InnoDB DEFAULT CHARSET=utf8;

LOCK TABLES `categoriaProductos` WRITE;
/*!40000 ALTER TABLE `categoriaProductos` DISABLE KEYS */;

INSERT INTO `categoriaProductos` (`id_categoria`, `clasificacion_general`, `nombre_especifico`)
VALUES
	(1,'Motor Interno','Anillos de Pistón'),
	(2,'Motor Interno','Pistones'),
	(3,'Motor Interno','Bielas'),
	(4,'Motor Interno','Cojinetes'),
	(5,'Motor Interno','Árbol de Levas'),
	(6,'Motor Interno','Empaques de Motor'),
	(7,'Motor Interno','Retén de Cigüeñal'),
	(8,'Motor Interno','Retén de Bujía'),
	(9,'Motor Interno','Guía de Válvulas'),
	(10,'Motor Interno','Válvulas de Admisión'),
	(11,'Motor Interno','Válvulas de Escape'),
	(12,'Motor Interno','Resorte de Válvula'),
	(13,'Motor Interno','Tapa de Válvulas'),
	(14,'Admisión y Escape','Múltiple de Admisión'),
	(15,'Admisión y Escape','Múltiple de Escape'),
	(16,'Admisión y Escape','Brida de Agua'),
	(17,'Admisión y Escape','Tubo de Agua'),
	(18,'Admisión y Escape','Válvula EGR'),
	(19,'Admisión y Escape','Sensor MAF'),
	(20,'Admisión y Escape','Sensor MAP'),
	(21,'Admisión y Escape','Sensor de Oxígeno'),
	(22,'Admisión y Escape','Silenciador de Escape'),
	(23,'Admisión y Escape','Catalizador'),
	(24,'Encendido','Bujías de Encendido'),
	(25,'Encendido','Bobinas de Encendido'),
	(26,'Encendido','Cables de Bujía'),
	(27,'Encendido','Distribuidores de Encendido'),
	(28,'Encendido','Módulos de Encendido'),
	(29,'Encendido','Unidad de Control Electrónica (ECU)'),
	(30,'Distribución','Correas de Distribución'),
	(31,'Distribución','Cadenas de Distribución'),
	(32,'Distribución','Tensores de Correa'),
	(33,'Distribución','Poleas'),
	(34,'Distribución','Kit de Distribución'),
	(35,'Refrigeración','Radiadores'),
	(36,'Refrigeración','Termostatos'),
	(37,'Refrigeración','Bomba de Agua'),
	(38,'Refrigeración','Depósito de Refrigerante'),
	(39,'Refrigeración','Sensor de Temperatura'),
	(40,'Refrigeración','Electroventiladores'),
	(41,'Refrigeración','Mangueras de Refrigeración'),
	(42,'Lubricación','Filtros de Aceite'),
	(43,'Lubricación','Tapón de Cárter'),
	(44,'Lubricación','Bomba de Aceite'),
	(45,'Lubricación','Válvula PCV'),
	(46,'Lubricación','Sensor de Presión de Aceite'),
	(47,'Filtrado','Filtros de Aire'),
	(48,'Filtrado','Filtros de Combustible'),
	(49,'Filtrado','Filtros de Cabina'),
	(50,'Filtrado','Filtros Hidráulicos'),
	(51,'Filtrado','Separadores de Agua'),
	(52,'Combustible','Bomba de Combustible'),
	(53,'Combustible','Inyectores'),
	(54,'Combustible','Reguladores de Presión de Combustible'),
	(55,'Combustible','Rieles de Inyección'),
	(56,'Combustible','Sensor de Combustible'),
	(57,'Suspensión','Amortiguadores'),
	(58,'Suspensión','Muelles'),
	(59,'Suspensión','Bujes de Suspensión'),
	(60,'Suspensión','Rótulas'),
	(61,'Suspensión','Barra Estabilizadora'),
	(62,'Suspensión','Links de Barra Estabilizadora'),
	(63,'Dirección','Terminales de Dirección'),
	(64,'Dirección','Cremallera de Dirección'),
	(65,'Dirección','Caja de Dirección'),
	(66,'Dirección','Bujes de Dirección'),
	(67,'Dirección','Bomba Hidráulica de Dirección'),
	(68,'Dirección','Sensor de Ángulo de Dirección'),
	(69,'Frenos','Pastillas de Freno'),
	(70,'Frenos','Discos de Freno'),
	(71,'Frenos','Tambores de Freno'),
	(72,'Frenos','Zapatas de Freno'),
	(73,'Frenos','Calipers'),
	(74,'Frenos','Bombines de Rueda'),
	(75,'Frenos','Cilindro Maestro de Freno'),
	(76,'Frenos','Servo de Freno'),
	(77,'Frenos','Sensor ABS'),
	(78,'Transmisión','Palieres'),
	(79,'Transmisión','Juntas Homocinéticas'),
	(80,'Transmisión','Soportes de Transmisión'),
	(81,'Transmisión','Filtro de Transmisión Automática'),
	(82,'Transmisión','Convertidor de Par'),
	(83,'Eléctrico','Motor de Arranque'),
	(84,'Eléctrico','Alternador'),
	(85,'Eléctrico','Baterías'),
	(86,'Eléctrico','Relés'),
	(87,'Eléctrico','Fusibles'),
	(88,'Eléctrico','Interruptores'),
	(89,'Eléctrico','Switches de Luz de Freno'),
	(90,'Eléctrico','Conectores Eléctricos'),
	(91,'Carrocería','Faros Delanteros'),
	(92,'Carrocería','Faros Antiniebla'),
	(93,'Carrocería','Luces Traseras'),
	(94,'Carrocería','Parachoques Delantero'),
	(95,'Carrocería','Parachoques Trasero'),
	(96,'Carrocería','Espejos Laterales'),
	(97,'Climatización','Compresores de A/C'),
	(98,'Climatización','Condensadores'),
	(99,'Climatización','Evaporadores'),
	(100,'Climatización','Válvulas de Expansión de A/C'),
	(101,'Climatización','Filtros Deshidratadores'),
	(102,'Ruedas y Llantas','Llantas'),
	(103,'Ruedas y Llantas','Rines'),
	(104,'Ruedas y Llantas','Neumáticos'),
	(105,'Ruedas y Llantas','Válvulas de Rueda'),
	(106,'Ruedas y Llantas','Sensores TPMS'),
	(107,'Lubricantes y Químicos','Aceite de Motor'),
	(108,'Lubricantes y Químicos','Aceite de Transmisión'),
	(109,'Lubricantes y Químicos','Grasa Multiusos'),
	(110,'Lubricantes y Químicos','Refrigerante'),
	(111,'Lubricantes y Químicos','Líquido Hidráulico de Dirección'),
	(112,'Lubricantes y Químicos','Limpiador de Inyectores'),
	(113,'Lubricantes y Químicos','Selladores de Juntas'),
	(114,'Accesorios','Limpiaparabrisas'),
	(115,'Accesorios','Bombillas'),
	(116,'Accesorios','Tapas de Radiador'),
	(117,'Accesorios','Tapa de Aceite'),
	(118,'Accesorios','Tapa de Tanque de Combustible'),
	(119,'Accesorios','Herramientas Automotrices'),
	(120,'Accesorios','Productos de Limpieza'),
	(121,'Prueba','Empaque culata'),
	(122,'Prueba 2','Ejemplo 33'),
	(123,'Dirección','RESORTE'),
	(124,'Motor Interno','RETEN ACEITE'),
	(125,'Motor Interno','Retén Inyectores');

/*!40000 ALTER TABLE `categoriaProductos` ENABLE KEYS */;
UNLOCK TABLES;


# Volcado de tabla cliente
# ------------------------------------------------------------

DROP TABLE IF EXISTS `cliente`;

CREATE TABLE `cliente` (
  `id_cliente` int(10) unsigned NOT NULL AUTO_INCREMENT,
  `fechaRegistro_Cliente` datetime NOT NULL DEFAULT CURRENT_TIMESTAMP,
  `id_doc_identificacion` char(3) NOT NULL DEFAULT '',
  `nro_documento` varchar(15) NOT NULL,
  `razon_social` varchar(200) NOT NULL,
  `nombre_comercial` varchar(120) DEFAULT NULL,
  `representante` varchar(120) DEFAULT NULL,
  `direccion` varchar(180) DEFAULT NULL,
  `codigo_ubigeo` char(6) DEFAULT NULL,
  `telefono_fijo` varchar(20) DEFAULT NULL,
  `celular_1` varchar(20) DEFAULT NULL,
  `celular_2` varchar(20) DEFAULT NULL,
  `email` varchar(120) DEFAULT NULL,
  `ClasificacionCliente` tinyint(3) unsigned DEFAULT NULL,
  `limite_credito` decimal(12,2) DEFAULT '0.00',
  `estadoCliente` tinyint(3) unsigned NOT NULL DEFAULT '1',
  `notas` text,
  `estadoSunat` varchar(50) DEFAULT NULL,
  `condicionSunat` varchar(50) DEFAULT NULL,
  PRIMARY KEY (`id_cliente`),
  KEY `fk_cliente_docidentificacion_sunat` (`id_doc_identificacion`),
  CONSTRAINT `fk_cliente_docidentificacion_sunat` FOREIGN KEY (`id_doc_identificacion`) REFERENCES `doc_identificacion` (`id_docidentificacion_sunat`) ON UPDATE CASCADE
) ENGINE=InnoDB DEFAULT CHARSET=utf8mb4;

LOCK TABLES `cliente` WRITE;
/*!40000 ALTER TABLE `cliente` DISABLE KEYS */;

INSERT INTO `cliente` (`id_cliente`, `fechaRegistro_Cliente`, `id_doc_identificacion`, `nro_documento`, `razon_social`, `nombre_comercial`, `representante`, `direccion`, `codigo_ubigeo`, `telefono_fijo`, `celular_1`, `celular_2`, `email`, `ClasificacionCliente`, `limite_credito`, `estadoCliente`, `notas`, `estadoSunat`, `condicionSunat`)
VALUES
	(1,'2025-07-19 19:14:03','6','20601782597','CONTINENTAL CORPORATION COMPANY SOCIEDAD ANONIMA CERRADA - CONTINENTAL CORPORATION COMPANY S.A.C.','POWERMOTOR','','CAL. CADIZ NRO 180 INT. 201 URB. MAYORAZGO 3RA ETAPA','150103','','','','',0,0.00,1,'','ACTIVO','HABIDO'),
	(2,'2025-07-19 19:20:52','1','47119865-5','CASAMAYOU COBOS PIERRE GERALD','POWERMOTOR CORPORATION','','JIRON REPUBLICA DE LIBANO No. 123 - Urbanizacion Neptuno','150140','','','','',0,0.00,1,'','ACTIVO','HABIDO'),
	(3,'2025-07-19 19:39:47','6','20601782597','CONTINENTAL CORPORATION COMPANY SOCIEDAD ANONIMA CERRADA - CONTINENTAL CORPORATION COMPANY S.A.C.','POWERMOTOR','PIERRE','Las palmas 190','150105','','','','',0,0.00,1,'Ejemplo de prueba completa','',''),
	(4,'2025-07-19 22:32:40','6','20608867849','AMERICAN MOTORS GROUP S.A.C.','POWERMOTOR','PIERO CABRERA','CALLE EMANCIPACION 135, URB. SANTA PATRICIA','150114','9823701','943419703','','pgcc92@gmail.com',0,1500.00,1,'','ACTIVO','HABIDO'),
	(5,'2025-07-20 02:36:24','6','20608884409','GLOBAL MOTORS CORPORATION S.A.C.','POWERMOTOR','','AV. LAS PALMAS NRO 190 URB. MAYORAZGO ET. DOS','150103','','','','',0,0.00,1,'','ACTIVO','HABIDO'),
	(6,'2025-07-20 10:15:00','6','20607890321','IMPORTACIONES Y SERVICIOS INDUSTRIALES S.A.C.','IMPSERIND','Carlos Espinoza','AV. LA MOLINA 350 URB. CAMACHO','150135','014782136','987654321',NULL,'contacto@impserind.com',2,10000.00,1,NULL,'ACTIVO','HABIDO'),
	(7,'2025-07-20 10:20:00','1','47651284','LÓPEZ GONZÁLES JUAN MANUEL','NEGOCIOS JM',NULL,'JR. ZORRILLA 120 - CERCADO DE LIMA','150101',NULL,'932487265',NULL,'jmlopez@gmail.com',1,2000.00,1,NULL,'ACTIVO','HABIDO'),
	(8,'2025-07-20 10:22:00','6','20589677431','AGROINDUSTRIAS PACÍFICO S.A.','AGROPAC','María Villanueva','CARRETERA CENTRAL KM 45 - HUACHO','150701','014856963','956321478','985654312','ventas@agropac.pe',3,25000.00,1,NULL,'ACTIVO','HABIDO'),
	(9,'2025-07-20 10:25:00','4','XE829373','SUAREZ DOMINGUEZ ANA PAOLA','ANA EXPRESS',NULL,'AV. DEL EJÉRCITO 1250 - MIRAFLORES','150122',NULL,'934572893',NULL,'ana.express@outlook.com',0,0.00,1,'Atiende solo envíos','ACTIVO','HABIDO'),
	(10,'2025-07-20 10:28:00','6','20610599013','CONSORCIO CONSTRUCTORES DEL SUR S.A.C.','CCS','Luis Cárdenas','CALLE LOS SAUCES 315 - SAN BORJA','150136','014678963','975132789',NULL,'admin@ccsconstruye.com',2,18000.00,1,NULL,'ACTIVO','HABIDO'),
	(11,'2025-07-20 10:30:00','1','40321547','RAMÍREZ TORRES KATHERINE LUZ','KATI BOUTIQUE',NULL,'AV. AREQUIPA 2590 - LINCE','150115',NULL,'964789321','950312654','katiboutique@gmail.com',1,1500.00,1,NULL,'ACTIVO','HABIDO'),
	(12,'2025-07-20 10:35:00','6','20450123780','TECNOLOGÍAS INNOVADORAS LATINOAMÉRICA S.A.C.','TECINNOVA','José Luis Ramírez','AV. JAVIER PRADO ESTE 4567 - LA MOLINA','150137','012234567','988456123',NULL,'info@tecinnova.pe',3,30000.00,1,'Cliente preferencial','ACTIVO','HABIDO'),
	(13,'2025-07-20 10:38:00','6','20578560198','FERRETERÍA EL CLAVO S.A.C.','EL CLAVO','Lucía Moreno','JR. SAN MARTÍN 765 - CALLAO','70101','','961234879','','ventas@elclavo.com.pe',2,8000.00,1,'','ACTIVO','HABIDO'),
	(14,'2025-07-20 10:42:00','1','47896532','CASTILLO MORALES DIEGO ARMANDO','CASTILLO TECH',NULL,'CALLE 12 MZ. A LT. 5 URB. LAS GARDENIAS - SAN JUAN DE LURIGANCHO','150124',NULL,'994521478',NULL,'castillotech@gmail.com',0,0.00,1,NULL,'ACTIVO','HABIDO'),
	(15,'2025-07-20 10:45:00','6','20567013422','MOBILIARIOS Y DISEÑOS S.A.C.','MODISA','Pedro Alvares','AV. LA MARINA 1001 - PUEBLO LIBRE','150113',NULL,'987123654',NULL,'ventas@modisa.com',2,12000.00,1,NULL,'ACTIVO','HABIDO'),
	(16,'2025-07-20 10:48:00','1','49021789','VALLEJOS CHÁVEZ LUIS ENRIQUE',NULL,NULL,'CALLE UNION 154 - BARRANCO','150109',NULL,'972315468',NULL,'lvallejos@hotmail.com',1,500.00,1,'Solicitó crédito limitado','ACTIVO','HABIDO'),
	(17,'2025-07-20 10:52:00','6','20670321456','DISTRIBUIDORA COMERCIAL DEL NORTE S.A.C.','DICONOR','Verónica Fernández','AV. VENEZUELA 3400 - BREÑA','150102','014592134','998563214',NULL,'contacto@diconor.pe',3,20000.00,1,NULL,'ACTIVO','HABIDO'),
	(18,'2025-07-20 10:55:00','7','P3290184','ZHANG WEI','ZHANG IMPORT',NULL,'AV. AVIACIÓN 1243 - SAN BORJA','150136',NULL,'951263987',NULL,'zwei@hotmail.com',1,0.00,1,'Cliente extranjero eventual','ACTIVO','HABIDO'),
	(19,'2025-07-20 10:57:00','6','20450123456','TALLERES MECÁNICOS INCA S.A.C.','TALLER INCA','César Ramos','AV. ARGENTINA 890 - CERCADO DE LIMA','150101',NULL,'989874512',NULL,'info@tallerinca.com.pe',2,9500.00,1,NULL,'ACTIVO','HABIDO'),
	(20,'2025-07-20 11:00:00','6','20578634129','ORGANIZACIÓN LOGÍSTICA PERUANA S.A.C.','OLP LOGISTICS','Rocío Gutiérrez','AV. FAUCETT 1120 - CALLAO','070101','014897654','976321987',NULL,'contacto@olp.com.pe',3,40000.00,1,'Almacén aduanero','ACTIVO','HABIDO');

/*!40000 ALTER TABLE `cliente` ENABLE KEYS */;
UNLOCK TABLES;


# Volcado de tabla compras_cabecera
# ------------------------------------------------------------

DROP TABLE IF EXISTS `compras_cabecera`;

CREATE TABLE `compras_cabecera` (
  `id_compra` int(10) unsigned NOT NULL AUTO_INCREMENT,
  `id_proveedor` int(10) unsigned NOT NULL,
  `id_sede` int(10) DEFAULT NULL,
  `fecha_registro` datetime DEFAULT CURRENT_TIMESTAMP,
  `fechaEmision_documento` date DEFAULT NULL,
  `tipoDocumento_compra` varchar(50) DEFAULT NULL,
  `numeroDocumento_compra` varchar(50) DEFAULT NULL,
  `tipo_moneda` varchar(10) DEFAULT 'PEN',
  `condicionesPago_compra` varchar(100) DEFAULT NULL,
  `observaciones` text,
  `subtotal_compra` decimal(10,2) DEFAULT NULL,
  `igv_compra` decimal(10,2) DEFAULT NULL,
  `total_compra` decimal(10,2) DEFAULT NULL,
  `estado_compra` enum('PENDIENTE','RECIBIDO','CANCELADO') DEFAULT 'PENDIENTE',
  `id_usuario` int(11) DEFAULT NULL,
  PRIMARY KEY (`id_compra`),
  KEY `id_proveedor` (`id_proveedor`),
  CONSTRAINT `compras_cabecera_ibfk_1` FOREIGN KEY (`id_proveedor`) REFERENCES `proveedores` (`id_proveedor`)
) ENGINE=InnoDB DEFAULT CHARSET=utf8;

LOCK TABLES `compras_cabecera` WRITE;
/*!40000 ALTER TABLE `compras_cabecera` DISABLE KEYS */;

INSERT INTO `compras_cabecera` (`id_compra`, `id_proveedor`, `id_sede`, `fecha_registro`, `fechaEmision_documento`, `tipoDocumento_compra`, `numeroDocumento_compra`, `tipo_moneda`, `condicionesPago_compra`, `observaciones`, `subtotal_compra`, `igv_compra`, `total_compra`, `estado_compra`, `id_usuario`)
VALUES
	(1,9,3,'2025-08-19 16:29:25','2025-08-01','01','f001-123','USD','letras','',720.34,129.66,850.00,NULL,0),
	(2,10,3,'2025-08-19 17:48:00','2025-08-01','01','f001-123','USD','letras de cambio','',0.00,36.61,240.00,'RECIBIDO',0),
	(3,6,3,'2025-08-19 18:13:12','2025-08-02','01','f001-111','USD','letras de cambio','',313.56,56.44,370.00,'RECIBIDO',2),
	(4,10,3,'2025-08-19 20:45:15','2025-08-01','01','f001-123','PEN','','',42.37,7.63,50.00,'RECIBIDO',2);

/*!40000 ALTER TABLE `compras_cabecera` ENABLE KEYS */;
UNLOCK TABLES;


# Volcado de tabla compras_detalle
# ------------------------------------------------------------

DROP TABLE IF EXISTS `compras_detalle`;

CREATE TABLE `compras_detalle` (
  `id_compra_detalle` int(10) unsigned NOT NULL AUTO_INCREMENT,
  `id_compra` int(10) unsigned NOT NULL,
  `id_producto_variante` int(10) unsigned NOT NULL,
  `cantidad` decimal(12,2) NOT NULL,
  `precio_unitario_compra` decimal(10,3) NOT NULL,
  `fecha_vencimiento` date DEFAULT NULL,
  PRIMARY KEY (`id_compra_detalle`),
  KEY `id_compra` (`id_compra`),
  KEY `id_producto_variante` (`id_producto_variante`),
  CONSTRAINT `compras_detalle_ibfk_1` FOREIGN KEY (`id_compra`) REFERENCES `compras_cabecera` (`id_compra`) ON DELETE CASCADE,
  CONSTRAINT `compras_detalle_ibfk_2` FOREIGN KEY (`id_producto_variante`) REFERENCES `productos_variantes` (`id_producto_variante`)
) ENGINE=InnoDB DEFAULT CHARSET=utf8;

LOCK TABLES `compras_detalle` WRITE;
/*!40000 ALTER TABLE `compras_detalle` DISABLE KEYS */;

INSERT INTO `compras_detalle` (`id_compra_detalle`, `id_compra`, `id_producto_variante`, `cantidad`, `precio_unitario_compra`, `fecha_vencimiento`)
VALUES
	(1,1,16,10.00,50.000,NULL),
	(2,1,11,10.00,35.000,NULL),
	(3,2,16,2.00,50.000,NULL),
	(4,2,11,4.00,35.000,NULL),
	(5,3,11,2.00,35.000,NULL),
	(6,3,16,6.00,50.000,NULL),
	(7,4,16,1.00,50.000,NULL);

/*!40000 ALTER TABLE `compras_detalle` ENABLE KEYS */;
UNLOCK TABLES;


# Volcado de tabla configuracion_fe_sunat
# ------------------------------------------------------------

DROP TABLE IF EXISTS `configuracion_fe_sunat`;

CREATE TABLE `configuracion_fe_sunat` (
  `id_config` int(10) unsigned NOT NULL AUTO_INCREMENT,
  `id_empresa` int(10) unsigned NOT NULL,
  `id_sede` int(10) unsigned DEFAULT NULL,
  `usuario_sol` varchar(30) NOT NULL,
  `clave_sol` varchar(100) NOT NULL,
  `modo_envio` enum('DESARROLLO','PRODUCCION') DEFAULT 'DESARROLLO',
  `nombre_certificado` varchar(255) NOT NULL,
  `clave_certificado` varchar(100) NOT NULL,
  `fecha_inicio_cert` date NOT NULL,
  `fecha_fin_cert` date NOT NULL,
  `wsdl_pruebas` text NOT NULL,
  `wsdl_produccion` text NOT NULL,
  `ultimo_envio` datetime DEFAULT NULL,
  `estado` tinyint(1) DEFAULT '1',
  `creado_en` datetime DEFAULT CURRENT_TIMESTAMP,
  `actualizado_en` datetime DEFAULT CURRENT_TIMESTAMP ON UPDATE CURRENT_TIMESTAMP,
  PRIMARY KEY (`id_config`),
  KEY `id_empresa` (`id_empresa`),
  CONSTRAINT `configuracion_fe_sunat_ibfk_1` FOREIGN KEY (`id_empresa`) REFERENCES `empresa` (`id_empresa`)
) ENGINE=InnoDB DEFAULT CHARSET=utf8mb4;

LOCK TABLES `configuracion_fe_sunat` WRITE;
/*!40000 ALTER TABLE `configuracion_fe_sunat` DISABLE KEYS */;

INSERT INTO `configuracion_fe_sunat` (`id_config`, `id_empresa`, `id_sede`, `usuario_sol`, `clave_sol`, `modo_envio`, `nombre_certificado`, `clave_certificado`, `fecha_inicio_cert`, `fecha_fin_cert`, `wsdl_pruebas`, `wsdl_produccion`, `ultimo_envio`, `estado`, `creado_en`, `actualizado_en`)
VALUES
	(1,1,NULL,'MODDATOS','moddatos123','DESARROLLO','certificado_empresa.pfx','clavecert123','2025-01-01','2026-01-01','https://e-beta.sunat.gob.pe/ol-ti-itcpgem-beta/billService?wsdl','https://e-factura.sunat.gob.pe/ol-ti-itcpfegem/billService?wsdl',NULL,1,'2025-08-05 17:15:15','2025-08-05 17:15:15'),
	(2,1,2,'AREQUIPASOL','claveAQP456','PRODUCCION','cert_arequipa.pfx','clavecertAQP','2025-03-01','2026-03-01','https://e-beta.sunat.gob.pe/ol-ti-itcpgem-beta/billService?wsdl','https://e-factura.sunat.gob.pe/ol-ti-itcpfegem/billService?wsdl',NULL,1,'2025-08-05 17:15:15','2025-08-05 17:15:15');

/*!40000 ALTER TABLE `configuracion_fe_sunat` ENABLE KEYS */;
UNLOCK TABLES;


# Volcado de tabla cpe_envio_sunat
# ------------------------------------------------------------

DROP TABLE IF EXISTS `cpe_envio_sunat`;

CREATE TABLE `cpe_envio_sunat` (
  `id_envio` bigint(20) unsigned NOT NULL AUTO_INCREMENT,
  `id_venta` bigint(20) unsigned NOT NULL,
  `tipo_comprobante` char(2) NOT NULL,
  `serie` varchar(4) NOT NULL,
  `correlativo` int(10) unsigned NOT NULL,
  `fecha_generado` datetime NOT NULL,
  `xml_ubl` mediumblob NOT NULL,
  `hash` varchar(128) DEFAULT NULL COMMENT 'DigestValue/Signature',
  `ticket` varchar(60) DEFAULT NULL,
  `cdr_xml` mediumblob,
  `estado_sunat` enum('PENDIENTE','ACEPTADO','RECHAZADO','OBSERVADO','ANULADO') DEFAULT 'PENDIENTE',
  `codigo_respuesta` varchar(10) DEFAULT NULL,
  `descripcion_resp` varchar(500) DEFAULT NULL,
  `fecha_respuesta` datetime DEFAULT NULL,
  PRIMARY KEY (`id_envio`)
) ENGINE=InnoDB DEFAULT CHARSET=utf8;



# Volcado de tabla doc_identificacion
# ------------------------------------------------------------

DROP TABLE IF EXISTS `doc_identificacion`;

CREATE TABLE `doc_identificacion` (
  `id_docidentificacion_sunat` char(3) NOT NULL,
  `descripcion` varchar(40) DEFAULT NULL,
  `abreviatura_docIdentificacion` varchar(50) DEFAULT NULL,
  PRIMARY KEY (`id_docidentificacion_sunat`)
) ENGINE=InnoDB DEFAULT CHARSET=utf8mb4;

LOCK TABLES `doc_identificacion` WRITE;
/*!40000 ALTER TABLE `doc_identificacion` DISABLE KEYS */;

INSERT INTO `doc_identificacion` (`id_docidentificacion_sunat`, `descripcion`, `abreviatura_docIdentificacion`)
VALUES
	('0','DOC.TRIB.NO.DOM.SIN.RUC','SIN DOCUMENTO'),
	('1','DOC. NACIONAL DE IDENTIDAD','DNI'),
	('4','CARNET DE EXTRANJERIA','Carnet de Extranjería - C.E.'),
	('6','REG. UNICO DE CONTRIBUYENTES','RUC'),
	('7','PASAPORTE','Pasaporte'),
	('A','CED. DIPLOMATICA DE IDENTIDAD','Cédula Diplomática - C.D.'),
	('B','DOC.IDENT.PAIS.RESIDENCIA-NO.D','DOC. TRIB. (NO DOMICILIADO)'),
	('C','Tax Identification Number - TIN – Doc Tr','TIN - Tax Identification Number'),
	('D','Identification Number - IN – Doc Trib PP','IN - Identification Number');

/*!40000 ALTER TABLE `doc_identificacion` ENABLE KEYS */;
UNLOCK TABLES;


# Volcado de tabla empresa
# ------------------------------------------------------------

DROP TABLE IF EXISTS `empresa`;

CREATE TABLE `empresa` (
  `id_empresa` int(10) unsigned NOT NULL AUTO_INCREMENT,
  `razon_social` varchar(200) NOT NULL,
  `nombre_comercial` varchar(150) DEFAULT NULL,
  `id_doc_identificacion` tinyint(3) unsigned NOT NULL,
  `nro_documento` varchar(15) NOT NULL,
  `representante` varchar(150) DEFAULT NULL,
  `direccion_fiscal` varchar(200) DEFAULT NULL,
  `id_ubigeo_fiscal` char(6) DEFAULT NULL,
  `telefono` varchar(20) DEFAULT NULL,
  `email` varchar(120) DEFAULT NULL,
  `web` varchar(120) DEFAULT NULL,
  `logo_path` varchar(255) DEFAULT NULL,
  `estado` tinyint(1) DEFAULT '1',
  `creado_en` datetime DEFAULT CURRENT_TIMESTAMP,
  `actualizado_en` datetime DEFAULT CURRENT_TIMESTAMP ON UPDATE CURRENT_TIMESTAMP,
  PRIMARY KEY (`id_empresa`),
  UNIQUE KEY `uk_doc_empresa` (`id_doc_identificacion`,`nro_documento`)
) ENGINE=InnoDB DEFAULT CHARSET=utf8mb4;

LOCK TABLES `empresa` WRITE;
/*!40000 ALTER TABLE `empresa` DISABLE KEYS */;

INSERT INTO `empresa` (`id_empresa`, `razon_social`, `nombre_comercial`, `id_doc_identificacion`, `nro_documento`, `representante`, `direccion_fiscal`, `id_ubigeo_fiscal`, `telefono`, `email`, `web`, `logo_path`, `estado`, `creado_en`, `actualizado_en`)
VALUES
	(1,'Comercial Peruana SAC','ComercialPeru',6,'20123456789','Juan Perez','Av. La Marina 1234, Lima','150101','012345678','info@comercialperu.com','www.comercialperu.com','/logos/comercialperu.png',1,'2025-08-05 17:15:15','2025-08-05 17:15:15');

/*!40000 ALTER TABLE `empresa` ENABLE KEYS */;
UNLOCK TABLES;


# Volcado de tabla inventario_mov
# ------------------------------------------------------------

DROP TABLE IF EXISTS `inventario_mov`;

CREATE TABLE `inventario_mov` (
  `id_inventarioMovimiento` bigint(20) unsigned NOT NULL AUTO_INCREMENT,
  `id_sede` smallint(5) unsigned DEFAULT NULL,
  `id_producto` int(10) unsigned DEFAULT NULL,
  `id_movimientoTipo` tinyint(3) unsigned DEFAULT NULL,
  `fecha_hora` datetime DEFAULT CURRENT_TIMESTAMP,
  `cantidad` decimal(12,2) NOT NULL,
  `costo_unit` decimal(10,2) DEFAULT NULL,
  `referencia_tipoTransaccion` enum('COMPRA','VENTA','TRASPASO','AJUSTE') NOT NULL,
  `referencia_id` bigint(20) unsigned DEFAULT NULL,
  PRIMARY KEY (`id_inventarioMovimiento`)
) ENGINE=InnoDB DEFAULT CHARSET=utf8;

LOCK TABLES `inventario_mov` WRITE;
/*!40000 ALTER TABLE `inventario_mov` DISABLE KEYS */;

INSERT INTO `inventario_mov` (`id_inventarioMovimiento`, `id_sede`, `id_producto`, `id_movimientoTipo`, `fecha_hora`, `cantidad`, `costo_unit`, `referencia_tipoTransaccion`, `referencia_id`)
VALUES
	(1,3,16,1,'2025-08-19 17:48:00',2.00,50.00,'COMPRA',2),
	(2,3,11,1,'2025-08-19 17:48:00',4.00,35.00,'COMPRA',2),
	(3,3,11,1,'2025-08-19 18:13:12',2.00,35.00,'COMPRA',3),
	(4,3,16,1,'2025-08-19 18:13:12',6.00,50.00,'COMPRA',3),
	(5,3,16,1,'2025-08-19 20:45:15',1.00,50.00,'COMPRA',4);

/*!40000 ALTER TABLE `inventario_mov` ENABLE KEYS */;
UNLOCK TABLES;


# Volcado de tabla marcas_vehiculos
# ------------------------------------------------------------

DROP TABLE IF EXISTS `marcas_vehiculos`;

CREATE TABLE `marcas_vehiculos` (
  `id_marcasVehiculos` int(11) unsigned NOT NULL AUTO_INCREMENT,
  `nombre_marca` varchar(100) NOT NULL,
  `pais_origen` varchar(100) NOT NULL DEFAULT '',
  `estado` varchar(20) DEFAULT NULL,
  PRIMARY KEY (`id_marcasVehiculos`)
) ENGINE=InnoDB DEFAULT CHARSET=utf8;

LOCK TABLES `marcas_vehiculos` WRITE;
/*!40000 ALTER TABLE `marcas_vehiculos` DISABLE KEYS */;

INSERT INTO `marcas_vehiculos` (`id_marcasVehiculos`, `nombre_marca`, `pais_origen`, `estado`)
VALUES
	(1,'Abt Sportsline','Alemania','Activa'),
	(2,'Apollo Automobil','Alemania','Activa'),
	(3,'Artega','Alemania','Inactiva'),
	(4,'Audi','Alemania','Activa'),
	(5,'Auto Union','Alemania','Inactiva'),
	(6,'BMW','Alemania','Activa'),
	(7,'Borgward (original)','Alemania','Inactiva'),
	(8,'Brabus','Alemania','Activa'),
	(9,'DKW','Alemania','Inactiva'),
	(10,'EMW','Alemania','Inactiva'),
	(11,'Gumpert','Alemania','Inactiva'),
	(12,'Hanomag','Alemania','Inactiva'),
	(13,'Isdera','Alemania','Activa'),
	(14,'Maybach','Alemania','Activa'),
	(15,'Mercedes-Benz','Alemania','Activa'),
	(16,'Melkus','Alemania','Inactiva'),
	(17,'Neoplan','Alemania','Activa'),
	(18,'NSU','Alemania','Inactiva'),
	(19,'Opel','Alemania','Activa'),
	(20,'Smart','Alemania','Activa'),
	(21,'Trabant','Alemania','Inactiva'),
	(22,'VW - Volkswagen','Alemania','Activa'),
	(23,'Wanderer','Alemania','Inactiva'),
	(24,'Wiesmann','Alemania','Activa'),
	(25,'Holden','Australia','Inactiva'),
	(26,'Magna Steyr','Austria','Activa'),
	(27,'Agrale','Brasil','Activa'),
	(28,'Autolatina','Brasil','Inactiva'),
	(29,'Borgward do Brasil','Brasil','Inactiva'),
	(30,'Gurgel','Brasil','Inactiva'),
	(31,'JPX do Brasil','Brasil','Inactiva'),
	(32,'Lobini','Brasil','Inactiva'),
	(33,'Puma','Brasil','Inactiva'),
	(34,'Troller','Brasil','Inactiva'),
	(35,'Campagna Motors','Canadá','Activa'),
	(36,'Conquest Vehicles','Canadá','Activa'),
	(37,'HTT Automobile','Canadá','Inactiva'),
	(38,'Aero','Chequia','Inactiva'),
	(39,'Jawa (vehículos)','Chequia','Inactiva'),
	(40,'Praga','Chequia','Activa'),
	(41,'Skoda','Chequia','Activa'),
	(42,'Tatra','Chequia','Activa'),
	(43,'Zbrojovka Brno','Chequia','Inactiva'),
	(44,'Aeolus','China','Activa'),
	(45,'Aion','China','Activa'),
	(46,'AITO','China','Activa'),
	(47,'Aiways','China','Activa'),
	(48,'Arcfox','China','Activa'),
	(49,'Avatr','China','Activa'),
	(50,'BAIC','China','Activa'),
	(51,'BAOJUN','China','Activa'),
	(52,'Baojun','China','Activa'),
	(53,'BAW (Beijing Auto Works)','China','Activa'),
	(54,'Borgward','China','Inactiva'),
	(55,'BYD','China','Activa'),
	(56,'Changan','China','Activa'),
	(57,'Changfeng Motor','China','Inactiva'),
	(58,'Changhe','China','Activa'),
	(59,'Chery','China','Activa'),
	(60,'Cowin Auto','China','Activa'),
	(61,'Denza','China','Activa'),
	(62,'Dongfeng','China','Activa'),
	(63,'Dongfeng Sokon (DFSK)','China','Activa'),
	(64,'Enovate','China','Activa'),
	(65,'Evergrande Auto (Hengchi)','China','Inactiva'),
	(66,'Exeed','China','Activa'),
	(67,'FAW','China','Activa'),
	(68,'Fengxing','China','Activa'),
	(69,'Forthing','China','Activa'),
	(70,'Foton','China','Activa'),
	(71,'Geely','China','Activa'),
	(72,'Geometry','China','Activa'),
	(73,'Great Wall','China','Activa'),
	(74,'Hafei','China','Inactiva'),
	(75,'Haima','China','Activa'),
	(76,'Haval','China','Activa'),
	(77,'Hozon Auto (Neta)','China','Activa'),
	(78,'Huanghai','China','Activa'),
	(79,'Hycan','China','Activa'),
	(80,'IM Motors','China','Activa'),
	(81,'JAC','China','Activa'),
	(82,'Jetour','China','Activa'),
	(83,'Jietu','China','Activa'),
	(84,'Jinbei','China','Activa'),
	(85,'JMC (Jiangling Motors)','China','Activa'),
	(86,'JMEV (Jiangling EV)','China','Activa'),
	(87,'Kaiyi Auto','China','Activa'),
	(88,'Karry','China','Activa'),
	(89,'King Long','China','Activa'),
	(90,'Landwind','China','Inactiva'),
	(91,'Leapmotor','China','Activa'),
	(92,'LEVC','China','Activa'),
	(93,'Levdeo','China','Inactiva'),
	(94,'Lifan','China','Activa'),
	(95,'Li Auto','China','Activa'),
	(96,'Livan Auto','China','Activa'),
	(97,'Luxeed','China','Activa'),
	(98,'Lynk & Co','China','Activa'),
	(99,'M-Hero','China','Activa'),
	(100,'Maple','China','Inactiva'),
	(101,'Maxus','China','Activa'),
	(102,'Mudan Auto','China','Activa'),
	(103,'Neta (Nezha)','China','Activa'),
	(104,'NIO','China','Activa'),
	(105,'ORA','China','Activa'),
	(106,'Polarsun','China','Inactiva'),
	(107,'Qoros','China','Activa'),
	(108,'Radar Auto','China','Activa'),
	(109,'Red Flag (Hongqi)','China','Activa'),
	(110,'Roewe','China','Activa'),
	(111,'SAIC','China','Activa'),
	(112,'Seres','China','Activa'),
	(113,'Shuanghuan','China','Inactiva'),
	(114,'Singulato Motors','China','Inactiva'),
	(115,'Skywell','China','Activa'),
	(116,'Skyworth Auto','China','Activa'),
	(117,'Soueast','China','Activa'),
	(118,'Thunder Power','China','Activa'),
	(119,'Venucia','China','Activa'),
	(120,'Voyah','China','Activa'),
	(121,'Weichai Auto','China','Activa'),
	(122,'Wey','China','Activa'),
	(123,'Wuling','China','Activa'),
	(124,'Xinkai','China','Inactiva'),
	(125,'Xpeng','China','Activa'),
	(126,'Yangwang','China','Activa'),
	(127,'Yema','China','Activa'),
	(128,'Youxia Motors','China','Inactiva'),
	(129,'Zeekr','China','Activa'),
	(130,'Zhiji (IM Motors)','China','Activa'),
	(131,'Zhongxing (ZX Auto)','China','Activa'),
	(132,'Zotye','China','Inactiva'),
	(133,'Asia Motors','Corea del Sur','Inactiva'),
	(134,'Daewoo','Corea del Sur','Inactiva'),
	(135,'Genesis','Corea del Sur','Activa'),
	(136,'GM Korea','Corea del Sur','Activa'),
	(137,'Hyundai','Corea del Sur','Activa'),
	(138,'Kia','Corea del Sur','Activa'),
	(139,'Proto Motors','Corea del Sur','Inactiva'),
	(140,'Renault Korea Motors','Corea del Sur','Activa'),
	(141,'Samsung Motors','Corea del Sur','Activa'),
	(142,'SsangYong','Corea del Sur','Activa'),
	(143,'Rimac','Croacia','Activa'),
	(144,'Zarooq Motors','Emiratos Árabes Unidos','Activa'),
	(145,'Abadal','España','Inactiva'),
	(146,'Ebro','España','Activa'),
	(147,'Elizalde','España','Inactiva'),
	(148,'Hurtan','España','Activa'),
	(149,'Pegaso','España','Inactiva'),
	(150,'Santana Motor','España','Inactiva'),
	(151,'SEAT','España','Activa'),
	(152,'Spania GTA','España','Activa'),
	(153,'Tauro Sport Auto','España','Activa'),
	(154,'Tramontana','España','Activa'),
	(155,'Acura','Estados Unidos','Activa'),
	(156,'Ajax','Estados Unidos','Inactiva'),
	(157,'Alpha Motor Corporation','Estados Unidos','Activa'),
	(158,'AMC','Estados Unidos','Inactiva'),
	(159,'American Electric','Estados Unidos','Inactiva'),
	(160,'Aptera','Estados Unidos','Activa'),
	(161,'Aptera Motors (revival)','Estados Unidos','Activa'),
	(162,'Biddle Motor Car Company','Estados Unidos','Inactiva'),
	(163,'Bollinger Motors','Estados Unidos','Activa'),
	(164,'Callaway','Estados Unidos','Activa'),
	(165,'Canoo','Estados Unidos','Activa'),
	(166,'Carbon Motors','Estados Unidos','Inactiva'),
	(167,'Checker Motors','Estados Unidos','Inactiva'),
	(168,'Chevrolet','Estados Unidos','Activa'),
	(169,'Chrysler','Estados Unidos','Activa'),
	(170,'Coda Automotive','Estados Unidos','Inactiva'),
	(171,'Detroit Electric','Estados Unidos','Inactiva'),
	(172,'Drako Motors','Estados Unidos','Activa'),
	(173,'Duesenberg','Estados Unidos','Inactiva'),
	(174,'Durant Motors','Estados Unidos','Inactiva'),
	(175,'Eagle','Estados Unidos','Inactiva'),
	(176,'Elio Motors','Estados Unidos','Inactiva'),
	(177,'Faraday Future','Estados Unidos','Activa'),
	(178,'Fisker','Estados Unidos','Activa'),
	(179,'Ford','Estados Unidos','Activa'),
	(180,'GMC','Estados Unidos','Activa'),
	(181,'Hummer','Estados Unidos','Activa'),
	(182,'Hupmobile','Estados Unidos','Inactiva'),
	(183,'Indi EV','Estados Unidos','Activa'),
	(184,'International Harvester','Estados Unidos','Inactiva'),
	(185,'Jeep','Estados Unidos','Activa'),
	(186,'Lincoln','Estados Unidos','Activa'),
	(187,'Lordstown Motors','Estados Unidos','Inactiva'),
	(188,'Lucid Motors','Estados Unidos','Activa'),
	(189,'Lucra Cars','Estados Unidos','Activa'),
	(190,'Mosler','Estados Unidos','Inactiva'),
	(191,'Nash Motors','Estados Unidos','Inactiva'),
	(192,'Oldsmobile','Estados Unidos','Inactiva'),
	(193,'Packard','Estados Unidos','Inactiva'),
	(194,'Panoz','Estados Unidos','Activa'),
	(195,'Phoenix Motorcars','Estados Unidos','Activa'),
	(196,'Pierce-Arrow','Estados Unidos','Inactiva'),
	(197,'Plymouth','Estados Unidos','Inactiva'),
	(198,'Pontiac','Estados Unidos','Inactiva'),
	(199,'RAM','Estados Unidos','Activa'),
	(200,'Rambler','Estados Unidos','Inactiva'),
	(201,'Rezvani','Estados Unidos','Activa'),
	(202,'Rickenbacker','Estados Unidos','Inactiva'),
	(203,'Rivian','Estados Unidos','Activa'),
	(204,'Roush Performance','Estados Unidos','Activa'),
	(205,'Saleen','Estados Unidos','Activa'),
	(206,'Saturn','Estados Unidos','Inactiva'),
	(207,'Scarab','Estados Unidos','Inactiva'),
	(208,'Scion','Estados Unidos','Inactiva'),
	(209,'Scout Motors','Estados Unidos','Activa'),
	(210,'Shelby American','Estados Unidos','Activa'),
	(211,'Studebaker','Estados Unidos','Inactiva'),
	(212,'Tesla','Estados Unidos','Activa'),
	(213,'Tucker','Estados Unidos','Inactiva'),
	(214,'Vanderhall','Estados Unidos','Activa'),
	(215,'Vector Motors','Estados Unidos','Inactiva'),
	(216,'White Motor Company','Estados Unidos','Inactiva'),
	(217,'Willys-Overland','Estados Unidos','Inactiva'),
	(218,'Zimmer','Estados Unidos','Inactiva'),
	(219,'Berliet','Francia','Inactiva'),
	(220,'Bugatti','Francia','Activa'),
	(221,'Citroën','Francia','Activa'),
	(222,'De Dion-Bouton','Francia','Inactiva'),
	(223,'Delage','Francia','Inactiva'),
	(224,'Delahaye','Francia','Inactiva'),
	(225,'Facel Vega','Francia','Inactiva'),
	(226,'Hommel','Francia','Inactiva'),
	(227,'Hotchkiss','Francia','Inactiva'),
	(228,'Ligier','Francia','Activa'),
	(229,'Matra','Francia','Inactiva'),
	(230,'Panhard','Francia','Inactiva'),
	(231,'Peugeot','Francia','Activa'),
	(232,'Renault','Francia','Activa'),
	(233,'Saviem','Francia','Inactiva'),
	(234,'Simca','Francia','Inactiva'),
	(235,'Kantanka','Ghana','Activa'),
	(236,'Mahindra','India','Activa'),
	(237,'Tata','India','Activa'),
	(238,'Iran Khodro','Irán','Activa'),
	(239,'Saipa','Irán','Activa'),
	(240,'DeLorean','Irlanda del Norte','Inactiva'),
	(241,'Abarth','Italia','Activa'),
	(242,'Alfa Romeo','Italia','Activa'),
	(243,'Autobianchi','Italia','Inactiva'),
	(244,'Bizzarrini','Italia','Activa'),
	(245,'Cisitalia','Italia','Inactiva'),
	(246,'De Tomaso','Italia','Activa'),
	(247,'DR Automobiles','Italia','Activa'),
	(248,'Ferrari','Italia','Activa'),
	(249,'Fiat','Italia','Activa'),
	(250,'Fioravanti','Italia','Activa'),
	(251,'Fornasari','Italia','Inactiva'),
	(252,'Iso Rivolta','Italia','Activa'),
	(253,'Italdesign','Italia','Activa'),
	(254,'Lamborghini','Italia','Activa'),
	(255,'Lancia','Italia','Activa'),
	(256,'Moretti','Italia','Inactiva'),
	(257,'Pagani','Italia','Activa'),
	(258,'Siata','Italia','Inactiva'),
	(259,'Zagato','Italia','Activa'),
	(260,'Autozam','Japón','Inactiva'),
	(261,'Daihatsu','Japón','Activa'),
	(262,'Datsin','Japón','Activa'),
	(263,'Dome','Japón','Activa'),
	(264,'Eunos','Japón','Inactiva'),
	(265,'Honda','Japón','Activa'),
	(266,'Infiniti','Japón','Activa'),
	(267,'Isuzu','Japón','Activa'),
	(268,'Lexus','Japón','Activa'),
	(269,'Mazda','Japón','Activa'),
	(270,'Mitsubishi','Japón','Activa'),
	(271,'Mitsuoka','Japón','Activa'),
	(272,'Nissan','Japón','Activa'),
	(273,'Prince Motor Company','Japón','Inactiva'),
	(274,'Subaru','Japón','Activa'),
	(275,'Suzuki','Japón','Activa'),
	(276,'Toyota','Japón','Activa'),
	(277,'Mobius Motors','Kenia','Activa'),
	(278,'Lykan','Líbano','Activa'),
	(279,'Bufori','Malasia','Activa'),
	(280,'Perodua','Malasia','Activa'),
	(281,'Perodua','Malasia','Activa'),
	(282,'Proton','Malasia','Activa'),
	(283,'Laraki','Marruecos','Inactiva'),
	(284,'Inferno Exotic Car','México','Activa'),
	(285,'Mastretta','México','Inactiva'),
	(286,'Vuhl','México','Activa'),
	(287,'Venturi','Mónaco','Activa'),
	(288,'Ascari Cars','Reino Unido','Inactiva'),
	(289,'Aston Martin','Reino Unido','Activa'),
	(290,'Austin','Reino Unido','Inactiva'),
	(291,'Bentley','Reino Unido','Activa'),
	(292,'Bristol Cars','Reino Unido','Inactiva'),
	(293,'Caterham','Reino Unido','Activa'),
	(294,'Ginetta','Reino Unido','Activa'),
	(295,'Hillman','Reino Unido','Inactiva'),
	(296,'Jaguar','Reino Unido','Activa'),
	(297,'Land Rover','Reino Unido','Activa'),
	(298,'Lightning Car Company','Reino Unido','Activa'),
	(299,'Lotus','Reino Unido','Activa'),
	(300,'Marcos Engineering','Reino Unido','Inactiva'),
	(301,'McLaren','Reino Unido','Activa'),
	(302,'MG - Morris Garage','Reino Unido','Inactiva'),
	(303,'Mini','Reino Unido','Activa'),
	(304,'Morgan Motor Company','Reino Unido','Activa'),
	(305,'Noble','Reino Unido','Activa'),
	(306,'Riley','Reino Unido','Inactiva'),
	(307,'Rover','Reino Unido','Inactiva'),
	(308,'Sunbeam','Reino Unido','Inactiva'),
	(309,'Triumph','Reino Unido','Inactiva'),
	(310,'TVR','Reino Unido','Activa'),
	(311,'Westfield Sportscars','Reino Unido','Inactiva'),
	(312,'Wolseley','Reino Unido','Inactiva'),
	(313,'MG','Reino Unido/China','Activa'),
	(314,'Talbot','Reino Unido/Francia','Inactiva'),
	(315,'ARO','Rumanía','Inactiva'),
	(316,'Dacia','Rumanía','Activa'),
	(317,'Oltcit','Rumanía','Inactiva'),
	(318,'AvtoVAZ','Rusia','Activa'),
	(319,'GAZ','Rusia','Activa'),
	(320,'IZh','Rusia','Inactiva'),
	(321,'Marussia','Rusia','Inactiva'),
	(322,'Moskvitch','Rusia','Activa'),
	(323,'TagAZ','Rusia','Inactiva'),
	(324,'UAZ','Rusia','Activa'),
	(325,'ZIL','Rusia','Inactiva'),
	(326,'Yugo','Serbia','Inactiva'),
	(327,'Zastava','Serbia','Inactiva'),
	(328,'Birkin','Sudáfrica','Activa'),
	(329,'Perana','Sudáfrica','Inactiva'),
	(330,'Superformance','Sudáfrica','Activa'),
	(331,'Koenigsegg','Suecia','Activa'),
	(332,'Saab','Suecia','Inactiva'),
	(333,'Volvo','Suecia','Activa'),
	(334,'Luxgen','Taiwán','Activa'),
	(335,'Yulon','Taiwán','Activa'),
	(336,'Wallyscar','Túnez','Activa'),
	(337,'Anadol','Turquía','Inactiva'),
	(338,'Otosan','Turquía','Activa'),
	(339,'Togg','Turquía','Activa'),
	(340,'Effa Motors','Uruguay','Activa'),
	(341,'VinFast','Vietnam','Activa');

/*!40000 ALTER TABLE `marcas_vehiculos` ENABLE KEYS */;
UNLOCK TABLES;


# Volcado de tabla movimiento_tipo
# ------------------------------------------------------------

DROP TABLE IF EXISTS `movimiento_tipo`;

CREATE TABLE `movimiento_tipo` (
  `id_movimientoTipo` tinyint(3) unsigned NOT NULL AUTO_INCREMENT,
  `codigo` varchar(25) NOT NULL,
  `descripcion` varchar(80) DEFAULT NULL,
  `signo` tinyint(4) NOT NULL,
  PRIMARY KEY (`id_movimientoTipo`),
  UNIQUE KEY `codigo` (`codigo`)
) ENGINE=InnoDB DEFAULT CHARSET=utf8;

LOCK TABLES `movimiento_tipo` WRITE;
/*!40000 ALTER TABLE `movimiento_tipo` DISABLE KEYS */;

INSERT INTO `movimiento_tipo` (`id_movimientoTipo`, `codigo`, `descripcion`, `signo`)
VALUES
	(1,'COMPRA','Ingreso por compra',1);

/*!40000 ALTER TABLE `movimiento_tipo` ENABLE KEYS */;
UNLOCK TABLES;


# Volcado de tabla pago_venta
# ------------------------------------------------------------

DROP TABLE IF EXISTS `pago_venta`;

CREATE TABLE `pago_venta` (
  `id_pago` bigint(20) unsigned NOT NULL AUTO_INCREMENT,
  `id_venta` bigint(20) unsigned NOT NULL,
  `id_caja` bigint(20) unsigned DEFAULT NULL,
  `fecha_pago` datetime NOT NULL,
  `id_medio_pago` tinyint(3) unsigned NOT NULL,
  `monto` decimal(12,2) NOT NULL,
  `id_moneda` int(10) unsigned NOT NULL,
  `tipo_cambio` decimal(12,6) DEFAULT NULL,
  `referencia` varchar(120) DEFAULT NULL,
  `observacion` varchar(240) DEFAULT NULL COMMENT '#operación, voucher, autorización POS, CCI',
  PRIMARY KEY (`id_pago`)
) ENGINE=InnoDB DEFAULT CHARSET=utf8;



# Volcado de tabla precios_por_sede
# ------------------------------------------------------------

DROP TABLE IF EXISTS `precios_por_sede`;

CREATE TABLE `precios_por_sede` (
  `id_precio` bigint(20) unsigned NOT NULL AUTO_INCREMENT,
  `id_sede` smallint(5) unsigned NOT NULL,
  `id_producto_variante` int(10) unsigned NOT NULL,
  `moneda_compra` char(5) DEFAULT '',
  `precio_compra` decimal(12,2) DEFAULT NULL,
  `utilidad_pct` decimal(5,2) DEFAULT NULL,
  `moneda_venta` char(5) DEFAULT '',
  `precio_venta` decimal(12,2) DEFAULT NULL,
  `tipoIGV` int(10) NOT NULL DEFAULT '10',
  `desde` datetime NOT NULL,
  `hasta` datetime DEFAULT NULL,
  PRIMARY KEY (`id_precio`),
  KEY `id_sede` (`id_sede`),
  KEY `id_producto_variante` (`id_producto_variante`),
  CONSTRAINT `precios_por_sede_ibfk_1` FOREIGN KEY (`id_sede`) REFERENCES `sede` (`id_sede`) ON DELETE CASCADE,
  CONSTRAINT `precios_por_sede_ibfk_2` FOREIGN KEY (`id_producto_variante`) REFERENCES `productos_variantes` (`id_producto_variante`) ON DELETE CASCADE
) ENGINE=InnoDB DEFAULT CHARSET=utf8;

LOCK TABLES `precios_por_sede` WRITE;
/*!40000 ALTER TABLE `precios_por_sede` DISABLE KEYS */;

INSERT INTO `precios_por_sede` (`id_precio`, `id_sede`, `id_producto_variante`, `moneda_compra`, `precio_compra`, `utilidad_pct`, `moneda_venta`, `precio_venta`, `tipoIGV`, `desde`, `hasta`)
VALUES
	(1,1,1,'PEN',280.00,25.00,'PEN',350.00,10,'2025-08-01 00:00:00','2025-08-22 13:17:25'),
	(2,1,2,'PEN',90.00,30.00,'PEN',117.00,10,'2025-08-01 00:00:00',NULL),
	(3,2,3,'PEN',65.00,20.00,'PEN',78.00,10,'2025-08-01 00:00:00',NULL),
	(4,2,4,'USD',85.00,22.00,'USD',103.70,10,'2025-08-01 00:00:00',NULL),
	(5,3,5,'PEN',220.00,35.00,'PEN',297.00,10,'2025-08-01 00:00:00','2025-08-19 13:20:54'),
	(6,3,6,'PEN',150.00,18.00,'PEN',177.00,10,'2025-08-01 00:00:00',NULL),
	(7,4,7,'PEN',480.00,25.00,'PEN',600.00,10,'2025-08-01 00:00:00',NULL),
	(8,4,8,'USD',130.00,28.00,'USD',166.40,10,'2025-08-01 00:00:00',NULL),
	(9,5,9,'PEN',35.00,40.00,'PEN',49.00,10,'2025-08-01 00:00:00',NULL),
	(10,5,10,'PEN',410.00,20.00,'PEN',492.00,10,'2025-08-01 00:00:00',NULL),
	(11,6,11,'PEN',55.00,30.00,'PEN',71.50,10,'2025-08-01 00:00:00',NULL),
	(12,6,12,'PEN',120.00,33.00,'PEN',159.60,10,'2025-08-01 00:00:00',NULL),
	(13,1,1,'PEN',260.00,25.00,'PEN',325.00,10,'2025-06-01 00:00:00','2025-07-31 23:59:59'),
	(14,2,3,'PEN',60.00,20.00,'PEN',72.00,10,'2025-06-01 00:00:00','2025-07-31 23:59:59'),
	(15,4,8,'USD',120.00,28.00,'USD',153.60,10,'2025-06-01 00:00:00','2025-07-31 23:59:59'),
	(16,3,5,'PEN',0.00,59.09,'PEN',350.00,10,'2025-08-19 13:20:55',NULL),
	(17,3,4,'PEN',50.00,140.00,'PEN',120.00,10,'2025-08-19 13:45:40',NULL),
	(18,3,16,'USD',50.00,140.00,'USD',120.00,10,'2025-08-19 17:01:24',NULL),
	(19,3,19,'PEN',100.00,20.00,'PEN',120.00,10,'2025-08-19 18:32:21',NULL),
	(20,3,12,'PEN',25.00,160.00,'PEN',65.00,10,'2025-08-19 19:17:02',NULL),
	(21,3,11,'USD',35.00,100.00,'USD',70.00,10,'2025-08-19 21:29:07',NULL),
	(22,3,13,'USD',50.00,140.00,'USD',120.00,10,'2025-08-20 01:36:58',NULL),
	(23,1,23,'PEN',0.00,NULL,'PEN',20.00,10,'2025-08-21 18:29:39',NULL),
	(24,1,24,'PEN',0.00,NULL,'PEN',150.00,10,'2025-08-21 18:35:12',NULL),
	(25,1,25,'PEN',0.00,NULL,'PEN',10.00,10,'2025-08-21 18:45:23',NULL),
	(26,1,26,'PEN',0.00,NULL,'PEN',25.00,10,'2025-08-21 18:48:28',NULL),
	(27,1,1,'USD',0.00,-10.71,'USD',250.00,10,'2025-08-22 13:17:26',NULL),
	(28,1,15,'PEN',0.00,NULL,'PEN',55.00,10,'2025-08-22 16:25:15',NULL),
	(29,1,17,'PEN',0.00,NULL,'PEN',24.00,10,'2025-08-22 16:25:45',NULL);

/*!40000 ALTER TABLE `precios_por_sede` ENABLE KEYS */;
UNLOCK TABLES;


# Volcado de tabla productos_base
# ------------------------------------------------------------

DROP TABLE IF EXISTS `productos_base`;

CREATE TABLE `productos_base` (
  `id_producto_base` int(10) unsigned NOT NULL AUTO_INCREMENT,
  `fechaRegistro_usuario` datetime DEFAULT CURRENT_TIMESTAMP,
  `id_categoriaProductos` smallint(5) unsigned DEFAULT NULL,
  `OEM_productos` varchar(120) DEFAULT NULL,
  `MarcaVehiculo` varchar(120) DEFAULT NULL,
  `ModeloVehiculo` varchar(120) DEFAULT NULL,
  `CilindradaVehiculo` varchar(120) DEFAULT NULL,
  `MotorVehiculo` varchar(120) DEFAULT NULL,
  `AñoInicialVehiculo` varchar(120) DEFAULT NULL,
  `AñoFinVehiculo` varchar(120) DEFAULT NULL,
  PRIMARY KEY (`id_producto_base`)
) ENGINE=InnoDB DEFAULT CHARSET=utf8;

LOCK TABLES `productos_base` WRITE;
/*!40000 ALTER TABLE `productos_base` DISABLE KEYS */;

INSERT INTO `productos_base` (`id_producto_base`, `fechaRegistro_usuario`, `id_categoriaProductos`, `OEM_productos`, `MarcaVehiculo`, `ModeloVehiculo`, `CilindradaVehiculo`, `MotorVehiculo`, `AñoInicialVehiculo`, `AñoFinVehiculo`)
VALUES
	(1,'2025-08-11 11:44:19',1,'OEM-1234567849123','Toyota','Corolla probox tercel','1.8L','1ZZ-FE 1233','2004','2008'),
	(2,'2025-08-11 11:44:19',1,'OEM-22346','Honda','Civic','2.0L','K20A','2006','2011'),
	(3,'2025-08-11 11:44:19',2,'OEM-32347','Ford','Ranger','3.2L','P5AT','2012','2019'),
	(4,'2025-08-11 11:44:19',2,'OEM-42348','Chevrolet','Spark','1.2L','B12D1','2010','2015'),
	(5,'2025-08-11 11:44:19',3,'OEM-52349','Nissan','Sentra','1.6L','HR16DE','2013','2017'),
	(6,'2025-08-11 11:44:19',3,'OEM-62350','Hyundai','Tucson','2.0L','D4EA','2009','2014'),
	(7,'2025-08-11 11:44:19',4,'OEM-72351','Mazda','CX-5','2.5L','SKYACTIV-G','2017','2022'),
	(8,'2025-08-11 11:44:19',4,'OEM-82352','Kia','Rio','1.4L','G4LC','2015','2020'),
	(9,'2025-08-11 11:44:19',5,'OEM-92353','Volkswagen','Jetta','1.8L','CIS','2000','2005'),
	(10,'2025-08-11 11:44:19',5,'OEM-102354','Mitsubishi','Lancer','2.0L','4B11','2008','2016'),
	(11,'2025-08-11 11:44:26',1,'OEM-12345','Toyota','Corolla','1.8L','1ZZ-FE','2005','2008'),
	(12,'2025-08-11 11:44:26',1,'OEM-22346','Honda','Civic','2.0L','K20A','2006','2011'),
	(13,'2025-08-11 11:44:26',2,'OEM-32347','Ford','Ranger','3.2L','P5AT','2012','2019'),
	(14,'2025-08-11 11:44:26',2,'OEM-42348','Chevrolet','Spark','1.2L','B12D1','2010','2015'),
	(15,'2025-08-11 11:44:26',3,'OEM-52349','Nissan','Sentra','1.6L','HR16DE','2013','2017'),
	(16,'2025-08-11 11:44:26',3,'OEM-62350','Hyundai','Tucson','2.0L','D4EA','2009','2014'),
	(17,'2025-08-11 11:44:26',4,'OEM-72351','Mazda','CX-5','2.5L','SKYACTIV-G','2017','2022'),
	(18,'2025-08-11 11:44:26',4,'OEM-82352','Kia','Rio','1.4L','G4LC','2015','2020'),
	(19,'2025-08-11 11:44:26',5,'OEM-92353','Volkswagen','Jetta','1.8L','CIS','2000','2005'),
	(20,'2025-08-11 11:44:26',5,'OEM-102354','Mitsubishi','Lancer','2.0L','4B11','2008','2016'),
	(21,'2025-08-14 12:37:55',26,'','','RIO','','','2014',''),
	(22,'2025-08-14 12:46:41',25,'2b000','','ELANTRA','1.6','G4EE','2010','2012'),
	(23,'2025-08-14 17:48:55',25,'','Toyota','YARIS - PROBOX','','','2005','2020'),
	(24,'2025-08-15 13:19:24',26,'','Toyota','COROLLA','1.8','4E','200','2008'),
	(25,'2025-08-19 09:09:06',16,'2B00212','Suzuki','GRAND VITARA','1.6','J18A','',''),
	(26,'2025-08-19 09:22:36',16,'12345123','Suzuki','NOMADE','1.6','','',''),
	(27,'2025-08-19 12:03:39',16,'1234567','Suzuki','GRAND VITARA','1.6','J18A','',''),
	(28,'2025-08-19 13:30:43',16,'123456','Suzuki','GRAND VITARA','1.6','J18A','',''),
	(29,'2025-08-20 23:25:55',125,'1r200123','','A250','1.6','MJA3','2000',''),
	(30,'2025-08-21 09:33:05',26,'','Nissan','SENTRA','','E16','1990','2000'),
	(31,'2025-08-21 09:50:48',26,'123456','Kia','PICANTO','1.2','AAABBB','',''),
	(32,'2025-08-21 13:29:39',1,'12345554','BMW','SERIE 1','','','',''),
	(33,'2025-08-21 13:35:12',5,'ra101','Chevrolet','CRUZE','1.6','','',''),
	(34,'2025-08-21 13:45:23',6,'','Suzuki','JIMMY','','','',''),
	(35,'2025-08-21 13:48:28',121,'12344123','Hyundai','EXCEL','','','','');

/*!40000 ALTER TABLE `productos_base` ENABLE KEYS */;
UNLOCK TABLES;


# Volcado de tabla productos_variantes
# ------------------------------------------------------------

DROP TABLE IF EXISTS `productos_variantes`;

CREATE TABLE `productos_variantes` (
  `id_producto_variante` int(10) unsigned NOT NULL AUTO_INCREMENT,
  `id_producto_base` int(10) unsigned NOT NULL,
  `SKU_Productos` varchar(120) NOT NULL,
  `OrigenProductos` varchar(120) DEFAULT NULL,
  `CodigoReferencia_proveedor` varchar(120) DEFAULT NULL,
  `MarcaProductos` varchar(120) DEFAULT NULL,
  `descripcion_variante` varchar(200) DEFAULT NULL,
  `DescripcionCompleta` text,
  `ImagenProducto` varchar(100) DEFAULT NULL,
  `icbper` tinyint(1) DEFAULT '0',
  `unidadMedida` varchar(10) DEFAULT 'NIU',
  `Estado` tinyint(1) DEFAULT '1',
  `Observaciones` text,
  PRIMARY KEY (`id_producto_variante`),
  KEY `id_producto_base` (`id_producto_base`),
  CONSTRAINT `productos_variantes_ibfk_1` FOREIGN KEY (`id_producto_base`) REFERENCES `productos_base` (`id_producto_base`) ON DELETE CASCADE
) ENGINE=InnoDB DEFAULT CHARSET=utf8;

LOCK TABLES `productos_variantes` WRITE;
/*!40000 ALTER TABLE `productos_variantes` DISABLE KEYS */;

INSERT INTO `productos_variantes` (`id_producto_variante`, `id_producto_base`, `SKU_Productos`, `OrigenProductos`, `CodigoReferencia_proveedor`, `MarcaProductos`, `descripcion_variante`, `DescripcionCompleta`, `ImagenProducto`, `icbper`, `unidadMedida`, `Estado`, `Observaciones`)
VALUES
	(1,1,'SKU-TYCO-05','CHILENO','PRV-001','denso','Bomba de combustible Toyota Corolla 2005-2008','MOTOR INTERNO - ANILLOS DE PISTÓN TOYOTA COROLLA PROBOX TERCEL C.C. 1.8L MOTOR: 1ZZ-FE 1233 AÑOS: 2004 - 2008 DENSO CHILENO OEM: OEM-1234567849123 — BOMBA DE COMBUSTIBLE TOYOTA COROLLA 2005-2008','corolla_bomba.jpg',0,'NIU',1,''),
	(2,2,'SKU-HOCV-06','Japón','PRV-002','NGK','Bujías Honda Civic 2006-2011','Juego de 4 bujías de iridio para Honda Civic 2.0L, motor K20A','civic_bujias.jpg',0,'NIU',1,NULL),
	(3,3,'SKU-FRRA-12','Tailandia','PRV-003','Bosch','Filtro de aire Ford Ranger 2012-2019','MOTOR INTERNO - PISTONES FORD RANGER C.C. 3.2L MOTOR: P5AT AÑOS: 2012 - 2019 BOSCH TAILANDIA OEM: OEM-32347 — FILTRO DE AIRE FORD RANGER 2012-2019','ranger_filtro.jpg',0,'NIU',1,''),
	(4,4,'SKU-CHSP-10','Corea','PRV-004','ACDelco','Alternador Chevrolet Spark 2010-2015','MOTOR INTERNO - PISTONES CHEVROLET SPARK C.C. 1.2L MOTOR: B12D1 AÑOS: 2010 - 2015 ACDELCO COREA OEM: OEM-42348 — ALTERNADOR CHEVROLET SPARK 2010-2015','spark_alternador.jpg',0,'NIU',1,''),
	(5,5,'SKU-NISE-13','México','PRV-005','Gates','Correa de distribución Nissan Sentra 2013-2017','Kit de correa de distribución y tensores para Nissan Sentra 1.6L HR16DE','sentra_correa.jpg',0,'NIU',1,NULL),
	(6,6,'SKU-HYTU-09','Corea','PRV-006','Hyundai Mobis','Bomba de agua Hyundai Tucson 2009-2014','Bomba de agua de repuesto original para Tucson motor D4EA','tucson_bomba.jpg',0,'NIU',1,NULL),
	(7,7,'SKU-MACX-17','Japón','PRV-007','KYB','Amortiguadores Mazda CX-5 2017-2022','Juego de amortiguadores delanteros y traseros para Mazda CX-5 2.5L','cx5_amortiguador.jpg',0,'NIU',1,NULL),
	(8,8,'SKU-KIRI-15','Corea','PRV-008','Valeo','Embrague Kia Rio 2015-2020','Kit de embrague completo para Kia Rio motor G4LC','rio_embrague.jpg',0,'NIU',1,NULL),
	(9,9,'SKU-VOJE-00','Alemania','PRV-009','Mann-Filter','Filtro de aceite Volkswagen Jetta 2000-2005','MOTOR INTERNO - ÁRBOL DE LEVAS VOLKSWAGEN JETTA C.C. 1.8L MOTOR: CIS AÑOS: 2000 - 2005 MANN-FILTER ALEMANIA OEM: OEM-92353 — FILTRO DE ACEITE VOLKSWAGEN JETTA 2000-2005','jetta_filtro.jpg',0,'NIU',1,''),
	(10,10,'SKU-MILA-08','Japón','PRV-010','Aisin','Kit de embrague Mitsubishi Lancer 2008-2016','Kit de embrague original Aisin para Mitsubishi Lancer motor 4B11','lancer_embrague.jpg',0,'NIU',1,NULL),
	(11,21,'26EN138001','AMERICANO','121.35-E','POWERMOTOR','','ENCENDIDO - CABLES DE BUJÍA KIA RIO AÑOS: 2014 POWERMOTOR AMERICANO',NULL,0,'NIU',1,''),
	(12,22,'25EN137001','AMERICANO','BOE-1100','POWERMOTOR','A GAS','ENCENDIDO - BOBINAS DE ENCENDIDO HYUNDAI ELANTRA C.C. 1.6 MOTOR: G4EE AÑOS: 2010 - 2012 POWERMOTOR AMERICANO OEM: 2B000 — A GAS',NULL,1,'NIU',1,''),
	(13,23,'25EN276001','JAPONES','PM-1592','POWERMOTOR','A GAS','ENCENDIDO - BOBINAS DE ENCENDIDO TOYOTA YARIS - PROBOX AÑOS: 2005 - 2020 POWERMOTOR JAPONES — A GAS',NULL,0,'NIU',1,'PRUEBA DE INGRESO'),
	(14,24,'26EN276001','MEXICANO','120.10-I','POWERMOTOR','','ENCENDIDO - CABLES DE BUJÍA TOYOTA COROLLA C.C. 1.8 MOTOR: 4E AÑOS: 200 - 2008 POWERMOTOR MEXICANO',NULL,0,'NIU',1,''),
	(15,25,'16AD275001','AMERICANO','12200','DENSO','CON ENGRANAJE','ADMISIÓN Y ESCAPE - BRIDA DE AGUA SUZUKI GRAND VITARA C.C. 1.6 MOTOR: J18A DENSO AMERICANO OEM: 2B00212 — CON ENGRANAJE',NULL,0,'NIU',1,''),
	(16,26,'16AD275002','JAPONES','123123123','DENSO','','ADMISIÓN Y ESCAPE - BRIDA DE AGUA SUZUKI NOMADE C.C. 1.6 DENSO JAPONES OEM: 12345123',NULL,0,'NIU',1,''),
	(17,27,'16AD275003','JAPONES','12200123','DENSO','','ADMISIÓN Y ESCAPE - BRIDA DE AGUA SUZUKI GRAND VITARA C.C. 1.6 MOTOR: J18A DENSO JAPONES OEM: 1234567',NULL,0,'NIU',1,''),
	(18,27,'16AD275003','JAPONES','12200123','DENSO','','ADMISIÓN Y ESCAPE - BRIDA DE AGUA SUZUKI GRAND VITARA C.C. 1.6 MOTOR: J18A DENSO JAPONES OEM: 1234567',NULL,0,'NIU',1,''),
	(19,28,'16AD275005','PERUANO','122200','DENSO','','ADMISIÓN Y ESCAPE - BRIDA DE AGUA SUZUKI GRAND VITARA C.C. 1.6 MOTOR: J18A DENSO PERUANO OEM: 123456',NULL,0,'NIU',1,''),
	(20,29,'125MO15001','KOREANO','12315','NGK','SILICONA','MOTOR INTERNO - RETÉN INYECTORES MERCEDES-BENZ A250 C.C. 1.6 MOTOR: MJA3 AÑOS: 2000 NGK KOREANO OEM: 1R200123 — SILICONA',NULL,0,'NIU',1,''),
	(21,30,'26EN272001','AMERICANO','120.26-A','POWERMOTOR','CABLE A GAS','ENCENDIDO - CABLES DE BUJÍA NISSAN SENTRA MOTOR: E16 AÑOS: 1990 - 2000 POWERMOTOR AMERICANO — CABLE A GAS','26EN272001.jpg',1,'NIU',1,''),
	(22,31,'26EN138002','JAPONES','120.33','DENSO','','ENCENDIDO - CABLES DE BUJÍA KIA PICANTO C.C. 1.2 MOTOR: AAABBB DENSO JAPONES OEM: 123456','26EN138002.jpg',0,'NIU',1,''),
	(23,32,'1MO6001','PERUANO','1111111','DENSO','','MOTOR INTERNO - ANILLOS DE PISTÓN BMW SERIE 1 DENSO PERUANO OEM: 12345554',NULL,0,'NIU',1,''),
	(24,33,'5MO168001','AMERICANO','1221233445','BOSCH','','MOTOR INTERNO - ÁRBOL DE LEVAS CHEVROLET CRUZE C.C. 1.6 BOSCH AMERICANO OEM: RA101','5MO168001.jpg',0,'NIU',1,''),
	(25,34,'6MO275001','AMERICANO','10293394','POWERMOTOR','','MOTOR INTERNO - EMPAQUES DE MOTOR SUZUKI JIMMY POWERMOTOR AMERICANO','6MO275001.jpg',0,'NIU',1,''),
	(26,35,'121PR137001','CHINO','1123ASSFXZX','VALEO','','PRUEBA - EMPAQUE CULATA HYUNDAI EXCEL VALEO CHINO OEM: 12344123','121PR137001.png',0,'NIU',1,'');

/*!40000 ALTER TABLE `productos_variantes` ENABLE KEYS */;
UNLOCK TABLES;


# Volcado de tabla proveedores
# ------------------------------------------------------------

DROP TABLE IF EXISTS `proveedores`;

CREATE TABLE `proveedores` (
  `id_proveedor` int(10) unsigned NOT NULL AUTO_INCREMENT,
  `FechaRegistro_proveedor` datetime NOT NULL DEFAULT CURRENT_TIMESTAMP,
  `id_doc_identificacion` tinyint(3) unsigned NOT NULL,
  `numero_documento` varchar(15) NOT NULL,
  `razon_social` varchar(200) NOT NULL,
  `nombre_comercial` varchar(120) DEFAULT NULL,
  `representante` varchar(120) DEFAULT NULL,
  `direccion` varchar(180) DEFAULT NULL,
  `id_ubigeo_inei` char(6) DEFAULT NULL,
  `pais` varchar(50) DEFAULT NULL,
  `telefono_fijo` varchar(20) DEFAULT NULL,
  `celular` varchar(20) DEFAULT NULL,
  `email` varchar(120) DEFAULT NULL,
  `web` varchar(120) DEFAULT NULL,
  `limite_credito` decimal(12,2) DEFAULT '0.00',
  `estado_proveedor` varchar(20) NOT NULL DEFAULT 'ACTIVO',
  `notas` text,
  PRIMARY KEY (`id_proveedor`),
  UNIQUE KEY `uk_doc_unico` (`id_doc_identificacion`,`numero_documento`)
) ENGINE=InnoDB DEFAULT CHARSET=utf8mb4;

LOCK TABLES `proveedores` WRITE;
/*!40000 ALTER TABLE `proveedores` DISABLE KEYS */;

INSERT INTO `proveedores` (`id_proveedor`, `FechaRegistro_proveedor`, `id_doc_identificacion`, `numero_documento`, `razon_social`, `nombre_comercial`, `representante`, `direccion`, `id_ubigeo_inei`, `pais`, `telefono_fijo`, `celular`, `email`, `web`, `limite_credito`, `estado_proveedor`, `notas`)
VALUES
	(1,'2025-08-09 21:09:24',6,'20123456789','Repuestos Automotrices S.A.C.','RepAuto','Carlos Gómez','Av. Industrial 456, Ate','150115','Perú','012345678','987654321','ventas@repauto.com','www.repauto.com',50000.00,'ACTIVO','Proveedor principal de autopartes'),
	(2,'2025-08-09 21:09:24',6,'20654321987','Lubricantes del Perú E.I.R.L.','LubePeru','María Torres','Jr. Comercio 123, Cercado de Lima','150101','Perú','014567890','999888777','contacto@lubeperu.pe','www.lubeperu.pe',30000.00,'ACTIVO','Especialista en lubricantes y aceites'),
	(3,'2025-08-09 21:09:24',6,'20111222334','Importadora Andina S.A.','ImpAndina','Juan Pérez','Av. Los Incas 890, Cusco','080101','Perú','084123456','984567890','ventas@impandina.com','www.impandina.com',40000.00,'ACTIVO','Importa repuestos desde Japón y Corea'),
	(4,'2025-08-09 21:09:24',6,'20999888777','Distribuidora Mega Repuestos S.R.L.','MegaRepuestos','Luis Fernández','Av. Aviación 2345, San Borja','150131','Perú','015678901','988776655','info@megarepuestos.com','www.megarepuestos.com',60000.00,'ACTIVO','Amplio catálogo de repuestos originales'),
	(5,'2025-08-09 21:09:24',6,'20555544332','Frenos y Embragues del Norte S.A.C.','FrenoNorte','Pedro Ramírez','Jr. Los Pinos 321, Chiclayo','140101','Perú','074456789','999777555','ventas@frenonorte.pe','www.frenonorte.pe',25000.00,'ACTIVO','Especialistas en frenos y embragues'),
	(6,'2025-08-09 21:09:24',6,'20876543210','AutoPartes Global S.A.','AP Global','Fernando López','Calle Comercio Internacional 555, Callao','070101','Perú','014123456','988998877','ventas@apglobal.com','www.apglobal.com',80000.00,'ACTIVO','Proveedor internacional de autopartes'),
	(7,'2025-08-09 21:09:24',6,'20765432123','Motor Import S.R.L.','MotorImport','Andrés Chávez','Av. Motores 111, Trujillo','130101','Perú','044234567','987123456','contacto@motorimport.pe','www.motorimport.pe',35000.00,'ACTIVO','Importación de motores y transmisiones'),
	(8,'2025-08-09 21:09:24',6,'20678912345','Carrocerías del Sur S.A.C.','CarroSur','Ricardo Aguilar','Jr. Talleres 222, Arequipa','040101','Perú','054345678','976543210','ventas@carrosur.pe','www.carrosur.pe',20000.00,'ACTIVO','Fabricación y reparación de carrocerías'),
	(9,'2025-08-09 21:09:24',6,'20199887766','Electro Auto S.A.','ElectroAuto','Sofía Medina','Av. Electricidad 456, Lima','150133','Perú','013456789','989898989','info@electroauto.pe','www.electroauto.pe',45000.00,'ACTIVO','Especialista en sistemas eléctricos automotrices'),
	(10,'2025-08-09 21:09:24',6,'20987654321','Neumáticos Express E.I.R.L.','NeumaExpress','Diego Vargas','Av. Ruedas 999, Piura','200101','Perú','073234567','987000111','ventas@neumaexpress.pe','www.neumaexpress.pe',30000.00,'ACTIVO','Venta de neumáticos y balanceo');

/*!40000 ALTER TABLE `proveedores` ENABLE KEYS */;
UNLOCK TABLES;


# Volcado de tabla rol
# ------------------------------------------------------------

DROP TABLE IF EXISTS `rol`;

CREATE TABLE `rol` (
  `id_rol` tinyint(3) unsigned NOT NULL AUTO_INCREMENT,
  `fechaRegistro_rol` datetime DEFAULT CURRENT_TIMESTAMP,
  `nombre_rol` varchar(30) NOT NULL,
  PRIMARY KEY (`id_rol`),
  UNIQUE KEY `nombre_rol` (`nombre_rol`)
) ENGINE=InnoDB DEFAULT CHARSET=utf8;

LOCK TABLES `rol` WRITE;
/*!40000 ALTER TABLE `rol` DISABLE KEYS */;

INSERT INTO `rol` (`id_rol`, `fechaRegistro_rol`, `nombre_rol`)
VALUES
	(1,'2025-08-03 01:34:38','Administrador'),
	(2,'2025-08-03 01:34:45','Encargado de Tienda'),
	(3,'2025-08-03 01:35:05','Vendedor'),
	(4,'2025-08-03 01:35:31','Cajer@'),
	(5,'2025-08-11 07:50:30','Almacenero');

/*!40000 ALTER TABLE `rol` ENABLE KEYS */;
UNLOCK TABLES;


# Volcado de tabla sede
# ------------------------------------------------------------

DROP TABLE IF EXISTS `sede`;

CREATE TABLE `sede` (
  `id_sede` smallint(5) unsigned NOT NULL AUTO_INCREMENT,
  `id_empresa` int(10) DEFAULT NULL,
  `fechaRegistro_sede` datetime DEFAULT CURRENT_TIMESTAMP,
  `nombre` varchar(60) NOT NULL,
  `direccion` varchar(120) DEFAULT NULL,
  `telefono` varchar(20) DEFAULT NULL,
  `ubigeo_sede` int(10) DEFAULT NULL,
  `seudonimo_sede` varchar(50) DEFAULT NULL,
  `serie_fact_sede` varchar(10) DEFAULT NULL,
  `estado_sede` varchar(10) DEFAULT NULL,
  PRIMARY KEY (`id_sede`)
) ENGINE=InnoDB DEFAULT CHARSET=utf8;

LOCK TABLES `sede` WRITE;
/*!40000 ALTER TABLE `sede` DISABLE KEYS */;

INSERT INTO `sede` (`id_sede`, `id_empresa`, `fechaRegistro_sede`, `nombre`, `direccion`, `telefono`, `ubigeo_sede`, `seudonimo_sede`, `serie_fact_sede`, `estado_sede`)
VALUES
	(1,1,'2025-07-21 10:42:33','Sede Central Principal.','Av. Javier Prado Este 1234, San Isidro, Lima','012345678',150131,'Lima Central','F001','Inactivo'),
	(2,1,'2025-07-21 10:42:33','Sucursal Arequipa','Calle Mercaderes 456, Miraflores, Arequipa','054987654',40101,'Arequipa Centro 2','F002','Activo'),
	(3,1,'2025-07-21 10:42:33','Oficina Trujillo Norte','Av. América Norte 789, Trujillo','044112233',130101,'Trujillo Norte','F003','Activo'),
	(4,1,'2025-07-21 10:42:33','Centro de Distribución Callao','Zona Industrial Mz A Lt 5, Callao','014567890',70101,'Callao Logística','F004','Activo'),
	(5,1,'2025-07-21 10:42:33','Punto de Venta Cusco','Plaza de Armas 101, Cusco','084556677',80101,'Cusco Plaza','F005','Suspendido'),
	(6,1,'2025-08-07 10:56:03','Nazca ate','Las palmas 190','123456',NULL,'Nazca 3',NULL,'Suspendido');

/*!40000 ALTER TABLE `sede` ENABLE KEYS */;
UNLOCK TABLES;


# Volcado de tabla serie_documento
# ------------------------------------------------------------

DROP TABLE IF EXISTS `serie_documento`;

CREATE TABLE `serie_documento` (
  `id_serie_documento` int(10) unsigned NOT NULL AUTO_INCREMENT,
  `id_empresa` int(10) unsigned NOT NULL,
  `id_sede` int(10) unsigned NOT NULL,
  `tipo_comprobante` char(2) NOT NULL,
  `serie` varchar(4) NOT NULL,
  `correlativo_actual` int(10) unsigned NOT NULL DEFAULT '1',
  `estado` tinyint(1) DEFAULT '1',
  PRIMARY KEY (`id_serie_documento`)
) ENGINE=InnoDB DEFAULT CHARSET=utf8;

LOCK TABLES `serie_documento` WRITE;
/*!40000 ALTER TABLE `serie_documento` DISABLE KEYS */;

INSERT INTO `serie_documento` (`id_serie_documento`, `id_empresa`, `id_sede`, `tipo_comprobante`, `serie`, `correlativo_actual`, `estado`)
VALUES
	(1,1,1,'01','F001',1001,1),
	(2,1,1,'03','B001',1000,1),
	(3,1,2,'01','F002',302,1),
	(4,1,2,'07','FC02',10,1),
	(5,1,3,'01','F003',1,1),
	(6,1,1,'NV','NV01',1,1),
	(7,1,4,'01','F002',1,1);

/*!40000 ALTER TABLE `serie_documento` ENABLE KEYS */;
UNLOCK TABLES;


# Volcado de tabla stock_por_sede
# ------------------------------------------------------------

DROP TABLE IF EXISTS `stock_por_sede`;

CREATE TABLE `stock_por_sede` (
  `id_sede` smallint(5) unsigned NOT NULL,
  `id_producto_variante` int(10) unsigned NOT NULL,
  `stock_actual` decimal(12,2) DEFAULT '0.00',
  `stock_reservado` decimal(12,2) DEFAULT '0.00',
  `stock_min` decimal(12,2) DEFAULT '0.00'
) ENGINE=InnoDB DEFAULT CHARSET=utf8;

LOCK TABLES `stock_por_sede` WRITE;
/*!40000 ALTER TABLE `stock_por_sede` DISABLE KEYS */;

INSERT INTO `stock_por_sede` (`id_sede`, `id_producto_variante`, `stock_actual`, `stock_reservado`, `stock_min`)
VALUES
	(1,1,50.00,5.00,10.00),
	(2,1,20.00,0.00,5.00),
	(1,2,60.00,3.00,10.00),
	(1,3,40.00,2.00,5.00),
	(2,4,35.00,1.00,5.00),
	(1,5,100.00,5.00,15.00),
	(2,6,120.00,6.00,15.00),
	(1,7,25.00,0.00,5.00),
	(2,8,15.00,0.00,3.00),
	(1,9,80.00,4.00,10.00),
	(2,10,50.00,2.00,8.00),
	(2,12,20.00,1.00,4.00),
	(1,13,60.00,3.00,10.00),
	(2,14,70.00,2.00,10.00),
	(1,15,22.00,0.00,5.00),
	(1,6,2.00,1.00,1.00),
	(3,6,10.00,2.00,2.00),
	(3,16,9.00,0.00,0.00),
	(3,11,6.00,0.00,0.00);

/*!40000 ALTER TABLE `stock_por_sede` ENABLE KEYS */;
UNLOCK TABLES;


# Volcado de tabla tipo_afectacionIGV
# ------------------------------------------------------------

DROP TABLE IF EXISTS `tipo_afectacionIGV`;

CREATE TABLE `tipo_afectacionIGV` (
  `id_tipoafectacionIGV` int(11) unsigned NOT NULL AUTO_INCREMENT,
  `Codigo_tipoAfectacionIGV` varchar(10) DEFAULT NULL,
  `Descripcion_tipoAfectacionIGV` varchar(100) DEFAULT NULL,
  PRIMARY KEY (`id_tipoafectacionIGV`)
) ENGINE=InnoDB DEFAULT CHARSET=utf8;

LOCK TABLES `tipo_afectacionIGV` WRITE;
/*!40000 ALTER TABLE `tipo_afectacionIGV` DISABLE KEYS */;

INSERT INTO `tipo_afectacionIGV` (`id_tipoafectacionIGV`, `Codigo_tipoAfectacionIGV`, `Descripcion_tipoAfectacionIGV`)
VALUES
	(1,'10','Gravado - Operación Onerosa'),
	(2,'11','Gravado – Retiro por premio'),
	(3,'12','Gravado – Retiro por donación'),
	(4,'13','Gravado – Retiro'),
	(5,'14','Gravado – Retiro por publicidad'),
	(6,'15','Gravado – Bonificaciones'),
	(7,'16','Gravado – Retiro por entrega a trabajadores'),
	(8,'17','Gravado – IVAP'),
	(9,'20','Exonerado - Operación Onerosa'),
	(10,'21','Exonerado – Transferencia Gratuita'),
	(11,'30','Inafecto - Operación Onerosa'),
	(12,'31','Inafecto – Retiro por Bonificación'),
	(13,'32','Inafecto – Retiro'),
	(14,'33','Inafecto – Retiro por Muestras Médicas'),
	(15,'34','Inafecto - Retiro por Convenio Colectivo'),
	(16,'35','Inafecto – Retiro por premio'),
	(17,'36','Inafecto - Retiro por publicidad'),
	(18,'40','Exportación');

/*!40000 ALTER TABLE `tipo_afectacionIGV` ENABLE KEYS */;
UNLOCK TABLES;


# Volcado de tabla tipo_documentoVenta
# ------------------------------------------------------------

DROP TABLE IF EXISTS `tipo_documentoVenta`;

CREATE TABLE `tipo_documentoVenta` (
  `id_TipoDocumentoVenta` int(11) unsigned NOT NULL AUTO_INCREMENT,
  `CodigoSunat_TipoDocumentoVenta` varchar(2) DEFAULT NULL,
  `SeriePrincipal` varchar(4) DEFAULT NULL,
  `SerieAlternativa` varchar(4) DEFAULT NULL,
  `Descripcion` varchar(100) DEFAULT NULL,
  PRIMARY KEY (`id_TipoDocumentoVenta`)
) ENGINE=InnoDB DEFAULT CHARSET=utf8;

LOCK TABLES `tipo_documentoVenta` WRITE;
/*!40000 ALTER TABLE `tipo_documentoVenta` DISABLE KEYS */;

INSERT INTO `tipo_documentoVenta` (`id_TipoDocumentoVenta`, `CodigoSunat_TipoDocumentoVenta`, `SeriePrincipal`, `SerieAlternativa`, `Descripcion`)
VALUES
	(1,'01','F001',NULL,'FACTURA'),
	(2,'03','B001',NULL,'BOLETA DE VENTA'),
	(3,'06',NULL,NULL,'CARTA DE PORTE AÉREO'),
	(4,'07','FC01','BC01','NOTA DE CRÉDITO'),
	(5,'08','FD01','BD01','NOTA DE DÉBITO'),
	(6,'09','T001',NULL,'GUIA DE REMISIÓN REMITENTE'),
	(7,'12',NULL,NULL,'TICKET DE MAQUINA REGISTRADORA'),
	(8,'13',NULL,NULL,'DOCUMENTO EMITIDO POR BANCOS, INSTITUCIONES FINANCIERAS, CREDITICIAS Y DE SEGUROS QUE SE ENCUENTREN '),
	(9,'14',NULL,NULL,'RECIBO DE SERVICIOS PÚBLICOS'),
	(10,'15',NULL,NULL,'BOLETOS EMITIDOS POR EL SERVICIO DE TRANSPORTE TERRESTRE REGULAR URBANO DE PASAJEROS Y EL FERROVIARI'),
	(11,'16',NULL,NULL,'BOLETO DE VIAJE EMITIDO POR LAS EMPRESAS DE TRANSPORTE PÚBLICO INTERPROVINCIAL DE\nPASAJEROS'),
	(12,'18',NULL,NULL,'DOCUMENTOS EMITIDOS POR LAS AFP'),
	(13,'20',NULL,NULL,'COMPROBANTE DE RETENCION'),
	(14,'21',NULL,NULL,'CONOCIMIENTO DE EMBARQUE POR EL SERVICIO DE TRANSPORTE DE CARGA MARÍTIMA'),
	(15,'24',NULL,NULL,'CERTIFICADO DE PAGO DE REGALÍAS EMITIDAS POR PERUPETRO S.A.'),
	(16,'31',NULL,NULL,'GUÍA DE REMISIÓN TRANSPORTISTA'),
	(17,'37',NULL,NULL,'DOCUMENTOS QUE EMITAN LOS CONCESIONARIOS DEL SERVICIO DE REVISIONES TÉCNICAS'),
	(18,'40',NULL,NULL,'COMPROBANTE DE PERCEPCIÓN'),
	(19,'41',NULL,NULL,'COMPROBANTE DE PERCEPCIÓN – VENTA INTERNA (FÍSICO - FORMATO IMPRESO)'),
	(20,'43',NULL,NULL,'BOLETO DE COMPAÑIAS DE AVIACIÓN TRANSPORTE AÉREO NO REGULAR'),
	(21,'45',NULL,NULL,'DOCUMENTOS EMITIDOS POR CENTROS EDUCATIVOS Y CULTURALES, UNIVERSIDADES, ASOCIACIONES Y FUNDACIONES'),
	(22,'56',NULL,NULL,'COMPROBANTE DE PAGO SEAE'),
	(23,'71',NULL,NULL,'GUIA DE REMISIÓN REMITENTE COMPLEMENTARIA'),
	(24,'72',NULL,NULL,'GUIA DE REMISIÓN TRANSPORTISTA COMPLEMENTARIA'),
	(25,'NV','NV01',NULL,'NOTA DE VENTA'),
	(26,'TK','TK01',NULL,'TICKET'),
	(27,'TI',NULL,NULL,'GUÍA DE TRASLADO INTERNO'),
	(28,'DV',NULL,NULL,'DEVOLUCIÓN'),
	(29,NULL,'P001',NULL,'PROFORMA');

/*!40000 ALTER TABLE `tipo_documentoVenta` ENABLE KEYS */;
UNLOCK TABLES;


# Volcado de tabla tipo_monedas
# ------------------------------------------------------------

DROP TABLE IF EXISTS `tipo_monedas`;

CREATE TABLE `tipo_monedas` (
  `id_tipoMoneda` int(11) unsigned NOT NULL AUTO_INCREMENT,
  `CodigoSunat_tipoMoneda` varchar(50) DEFAULT NULL,
  `Moneda` varchar(50) DEFAULT NULL,
  `Pais` varchar(50) DEFAULT NULL,
  `Abreviatura_TipoMoneda` varchar(100) DEFAULT NULL,
  PRIMARY KEY (`id_tipoMoneda`)
) ENGINE=InnoDB DEFAULT CHARSET=utf8;

LOCK TABLES `tipo_monedas` WRITE;
/*!40000 ALTER TABLE `tipo_monedas` DISABLE KEYS */;

INSERT INTO `tipo_monedas` (`id_tipoMoneda`, `CodigoSunat_tipoMoneda`, `Moneda`, `Pais`, `Abreviatura_TipoMoneda`)
VALUES
	(1,'ARS','Peso argentino','Argentina','ARS - ($) Peso Argentigo'),
	(2,'BOB','Boliviano','Bolivia','BOB - (Bs) Boliviano'),
	(3,'BRL','Real brasileño','Brasil','R$ - Real brasileño'),
	(4,'CLP','Peso chileno','Chile','CLP - ($) Peso chileno'),
	(5,'COP','Peso colombiano','Colombia','COP - ($) Peso colombiano'),
	(6,'GYD','Dólar guyanés','Guyana','G$ - Dólar guyanés'),
	(7,'PEN','Nuevo sol','Perú','PEN - (S/) Sol'),
	(8,'PYG','Guaraní','Paraguay','₲ - Guaraní'),
	(9,'SRG','Florín surinamés','Surinam','ƒ - Florín surinamés'),
	(10,'UYU','Peso uruguayo','Uruguay','$U - Peso uruguayo'),
	(11,'VEB','Bolívar','Venezuela','Bs. - Bolívar'),
	(12,'USD','Dólar estadounidense','Estados Unidos','US$ - ($) Dólar EEUU'),
	(13,'EUR','Euro','Unión Europea','EUR - (€) Euro');

/*!40000 ALTER TABLE `tipo_monedas` ENABLE KEYS */;
UNLOCK TABLES;


# Volcado de tabla tipo_NotaCredito
# ------------------------------------------------------------

DROP TABLE IF EXISTS `tipo_NotaCredito`;

CREATE TABLE `tipo_NotaCredito` (
  `id_tipoNotaCredito` int(11) unsigned NOT NULL AUTO_INCREMENT,
  `Codigo_tipoNotaCredito` varchar(2) DEFAULT NULL,
  `Descripcion_tipoNotaCredito` varchar(100) DEFAULT NULL,
  PRIMARY KEY (`id_tipoNotaCredito`)
) ENGINE=InnoDB DEFAULT CHARSET=utf8;

LOCK TABLES `tipo_NotaCredito` WRITE;
/*!40000 ALTER TABLE `tipo_NotaCredito` DISABLE KEYS */;

INSERT INTO `tipo_NotaCredito` (`id_tipoNotaCredito`, `Codigo_tipoNotaCredito`, `Descripcion_tipoNotaCredito`)
VALUES
	(1,'01','Anulación de la operación'),
	(2,'02','Anulación por error en el RUC'),
	(3,'03','Corrección por error en la descripción'),
	(4,'04','Descuento global'),
	(5,'05','Descuento por ítem'),
	(6,'06','Devolución total'),
	(7,'07','Devolución por ítem'),
	(8,'08','Bonificación'),
	(9,'09','Disminución en el valor'),
	(10,'10','Otros Conceptos');

/*!40000 ALTER TABLE `tipo_NotaCredito` ENABLE KEYS */;
UNLOCK TABLES;


# Volcado de tabla tipo_tributos
# ------------------------------------------------------------

DROP TABLE IF EXISTS `tipo_tributos`;

CREATE TABLE `tipo_tributos` (
  `id_tipoTributo` int(11) unsigned NOT NULL AUTO_INCREMENT,
  `codigo_tributo` int(11) DEFAULT NULL,
  `Descripcion_tributo` varchar(100) DEFAULT NULL,
  `UN/ECE_5153` varchar(10) DEFAULT NULL,
  `UN/ECE_5305` varchar(10) DEFAULT NULL,
  `Abreviatura_tributo` varchar(100) DEFAULT NULL,
  `Valor_tributo` varchar(10) DEFAULT NULL,
  PRIMARY KEY (`id_tipoTributo`)
) ENGINE=InnoDB DEFAULT CHARSET=utf8;

LOCK TABLES `tipo_tributos` WRITE;
/*!40000 ALTER TABLE `tipo_tributos` DISABLE KEYS */;

INSERT INTO `tipo_tributos` (`id_tipoTributo`, `codigo_tributo`, `Descripcion_tributo`, `UN/ECE_5153`, `UN/ECE_5305`, `Abreviatura_tributo`, `Valor_tributo`)
VALUES
	(1,1000,'IGV - IMPUESTO GENERAL A LAS VENTAS','VAT','S','IGV','18%'),
	(2,1016,'IMPUESTO A LA VENTA ARROZ PILADO','VAT','S',NULL,NULL),
	(3,2000,'ISC - IMPUESTO SELECTIVO AL CONSUMO','EXC','S','ISC',NULL),
	(4,9995,'EXPORTACIÓN','FRE','G',NULL,NULL),
	(5,9996,'GRATUITO','FRE','Z',NULL,NULL),
	(6,9997,'EXONERADO','VAT','E',NULL,NULL),
	(7,9998,'INAFECTO','FRE','O',NULL,NULL),
	(8,9999,'OTROS CONCEPTOS DE PAGO','OTH','S',NULL,NULL),
	(9,NULL,'ICBPER - IMPUESTO A LAS BOLSAS PLÁSTICAS',NULL,NULL,'ICBPER','0.40');

/*!40000 ALTER TABLE `tipo_tributos` ENABLE KEYS */;
UNLOCK TABLES;


# Volcado de tabla ubigeo_inei
# ------------------------------------------------------------

DROP TABLE IF EXISTS `ubigeo_inei`;

CREATE TABLE `ubigeo_inei` (
  `codigo_ubigeo` varchar(10) NOT NULL DEFAULT '',
  `departamento` varchar(100) NOT NULL DEFAULT '',
  `provincia` varchar(100) NOT NULL DEFAULT '',
  `distrito` varchar(100) NOT NULL DEFAULT '',
  `nombreCapital_Legal` varchar(100) DEFAULT NULL,
  `CodigoRegion_nat` int(3) DEFAULT NULL,
  `RegionNatural` varchar(100) DEFAULT NULL,
  PRIMARY KEY (`codigo_ubigeo`)
) ENGINE=InnoDB DEFAULT CHARSET=utf8mb4;

LOCK TABLES `ubigeo_inei` WRITE;
/*!40000 ALTER TABLE `ubigeo_inei` DISABLE KEYS */;

INSERT INTO `ubigeo_inei` (`codigo_ubigeo`, `departamento`, `provincia`, `distrito`, `nombreCapital_Legal`, `CodigoRegion_nat`, `RegionNatural`)
VALUES
	('100101','HUANUCO','HUANUCO','HUANUCO','HUANUCO',3,'SELVA ALTA\r'),
	('100102','HUANUCO','HUANUCO','AMARILIS','PAUCARBAMBA',3,'SELVA ALTA\r'),
	('100103','HUANUCO','HUANUCO','CHINCHAO','ACOMAYO',2,'SIERRA\r'),
	('100104','HUANUCO','HUANUCO','CHURUBAMBA','CHURUBAMBA',3,'SELVA ALTA\r'),
	('100105','HUANUCO','HUANUCO','MARGOS','MARGOS',2,'SIERRA\r'),
	('100106','HUANUCO','HUANUCO','QUISQUI (KICHKI)','HUANCAPALLAC',2,'SIERRA\r'),
	('100107','HUANUCO','HUANUCO','SAN FRANCISCO DE CAYRAN','CAYRAN',2,'SIERRA\r'),
	('100108','HUANUCO','HUANUCO','SAN PEDRO DE CHAULAN','CHAULAN',2,'SIERRA\r'),
	('100109','HUANUCO','HUANUCO','SANTA MARIA DEL VALLE','SANTA MARIA DEL VALLE',3,'SELVA ALTA\r'),
	('100110','HUANUCO','HUANUCO','YARUMAYO','YARUMAYO',2,'SIERRA\r'),
	('100111','HUANUCO','HUANUCO','PILLCO MARCA','CAYHUAYNA',3,'SELVA ALTA\r'),
	('100112','HUANUCO','HUANUCO','YACUS','YACUS',2,'SIERRA\r'),
	('100113','HUANUCO','HUANUCO','SAN PABLO DE PILLAO','SAN PABLO DE PILLAO',2,'SIERRA\r'),
	('100201','HUANUCO','AMBO','AMBO','AMBO',2,'SIERRA\r'),
	('100202','HUANUCO','AMBO','CAYNA','CAYNA',2,'SIERRA\r'),
	('100203','HUANUCO','AMBO','COLPAS','COLPAS',2,'SIERRA\r'),
	('100204','HUANUCO','AMBO','CONCHAMARCA','CONCHAMARCA',2,'SIERRA\r'),
	('100205','HUANUCO','AMBO','HUACAR','HUACAR',2,'SIERRA\r'),
	('100206','HUANUCO','AMBO','SAN FRANCISCO','MOSCA',2,'SIERRA\r'),
	('100207','HUANUCO','AMBO','SAN RAFAEL','SAN RAFAEL',2,'SIERRA\r'),
	('100208','HUANUCO','AMBO','TOMAY KICHWA','TOMAY KICHWA',2,'SIERRA\r'),
	('100301','HUANUCO','DOS DE MAYO','LA UNION','LA UNION',2,'SIERRA\r'),
	('100307','HUANUCO','DOS DE MAYO','CHUQUIS','CHUQUIS',2,'SIERRA\r'),
	('100311','HUANUCO','DOS DE MAYO','MARIAS','MARIAS',2,'SIERRA\r'),
	('100313','HUANUCO','DOS DE MAYO','PACHAS','PACHAS',2,'SIERRA\r'),
	('100316','HUANUCO','DOS DE MAYO','QUIVILLA','QUIVILLA',2,'SIERRA\r'),
	('100317','HUANUCO','DOS DE MAYO','RIPAN','RIPAN',2,'SIERRA\r'),
	('100321','HUANUCO','DOS DE MAYO','SHUNQUI','SHUNQUI',2,'SIERRA\r'),
	('100322','HUANUCO','DOS DE MAYO','SILLAPATA','SILLAPATA',2,'SIERRA\r'),
	('100323','HUANUCO','DOS DE MAYO','YANAS','YANAS',2,'SIERRA\r'),
	('100401','HUANUCO','HUACAYBAMBA','HUACAYBAMBA','HUACAYBAMBA',2,'SIERRA\r'),
	('100402','HUANUCO','HUACAYBAMBA','CANCHABAMBA','CANCHABAMBA',2,'SIERRA\r'),
	('100403','HUANUCO','HUACAYBAMBA','COCHABAMBA','COCHABAMBA',2,'SIERRA\r'),
	('100404','HUANUCO','HUACAYBAMBA','PINRA','PINRA',2,'SIERRA\r'),
	('100501','HUANUCO','HUAMALIES','LLATA','LLATA',2,'SIERRA\r'),
	('100502','HUANUCO','HUAMALIES','ARANCAY','ARANCAY',2,'SIERRA\r'),
	('100503','HUANUCO','HUAMALIES','CHAVIN DE PARIARCA','CHAVIN DE PARIARCA',2,'SIERRA\r'),
	('100504','HUANUCO','HUAMALIES','JACAS GRANDE','JACAS GRANDE',2,'SIERRA\r'),
	('100505','HUANUCO','HUAMALIES','JIRCAN','JIRCAN',2,'SIERRA\r'),
	('100506','HUANUCO','HUAMALIES','MIRAFLORES','MIRAFLORES',2,'SIERRA\r'),
	('100507','HUANUCO','HUAMALIES','MONZON','MONZON',3,'SELVA ALTA\r'),
	('100508','HUANUCO','HUAMALIES','PUNCHAO','PUNCHAO',2,'SIERRA\r'),
	('100509','HUANUCO','HUAMALIES','PUÑOS','PUÑOS',2,'SIERRA\r'),
	('100510','HUANUCO','HUAMALIES','SINGA','SINGA',2,'SIERRA\r'),
	('100511','HUANUCO','HUAMALIES','TANTAMAYO','TANTAMAYO',2,'SIERRA\r'),
	('100601','HUANUCO','LEONCIO PRADO','RUPA-RUPA','TINGO MARIA',3,'SELVA ALTA\r'),
	('100602','HUANUCO','LEONCIO PRADO','DANIEL ALOMIA ROBLES','DANIEL ALOMIA ROBLES (PUMAHUASI)',3,'SELVA ALTA\r'),
	('100603','HUANUCO','LEONCIO PRADO','HERMILIO VALDIZAN','HERMILIO VALDIZAN',3,'SELVA ALTA\r'),
	('100604','HUANUCO','LEONCIO PRADO','JOSE CRESPO Y CASTILLO','AUCAYACU',3,'SELVA ALTA\r'),
	('100605','HUANUCO','LEONCIO PRADO','LUYANDO','NARANJILLO /8',3,'SELVA ALTA\r'),
	('100606','HUANUCO','LEONCIO PRADO','MARIANO DAMASO BERAUN','LAS PALMAS',3,'SELVA ALTA\r'),
	('100607','HUANUCO','LEONCIO PRADO','PUCAYACU','PUCAYACU',3,'SELVA ALTA\r'),
	('100608','HUANUCO','LEONCIO PRADO','CASTILLO GRANDE','CASTILLO GRANDE',3,'SELVA ALTA\r'),
	('100609','HUANUCO','LEONCIO PRADO','PUEBLO NUEVO','PUEBLO NUEVO',3,'SELVA ALTA\r'),
	('100610','HUANUCO','LEONCIO PRADO','SANTO DOMINGO DE ANDA','PACAE',3,'SELVA ALTA\r'),
	('100701','HUANUCO','MARAÑON','HUACRACHUCO','HUACRACHUCO',2,'SIERRA\r'),
	('100702','HUANUCO','MARAÑON','CHOLON','SAN PEDRO DE CHONTA',2,'SIERRA\r'),
	('100703','HUANUCO','MARAÑON','SAN BUENAVENTURA','SAN BUENAVENTURA',2,'SIERRA\r'),
	('100704','HUANUCO','MARAÑON','LA MORADA','LA MORADA',3,'SELVA ALTA\r'),
	('100705','HUANUCO','MARAÑON','SANTA ROSA DE ALTO YANAJANCA','SANTA ROSA DE ALTO YANAJANCA',3,'SELVA ALTA\r'),
	('100801','HUANUCO','PACHITEA','PANAO','PANAO',2,'SIERRA\r'),
	('100802','HUANUCO','PACHITEA','CHAGLLA','CHAGLLA',2,'SIERRA\r'),
	('100803','HUANUCO','PACHITEA','MOLINO','MOLINO',2,'SIERRA\r'),
	('100804','HUANUCO','PACHITEA','UMARI','UMARI (TAMBILLO)',2,'SIERRA\r'),
	('100901','HUANUCO','PUERTO INCA','PUERTO INCA','PUERTO INCA',4,'SELVA BAJA\r'),
	('100902','HUANUCO','PUERTO INCA','CODO DEL POZUZO','CODO DEL POZUZO',4,'SELVA BAJA\r'),
	('100903','HUANUCO','PUERTO INCA','HONORIA','HONORIA',4,'SELVA BAJA\r'),
	('100904','HUANUCO','PUERTO INCA','TOURNAVISTA','TOURNAVISTA',4,'SELVA BAJA\r'),
	('100905','HUANUCO','PUERTO INCA','YUYAPICHIS','YUYAPICHIS',4,'SELVA BAJA\r'),
	('101001','HUANUCO','LAURICOCHA','JESUS','JESUS',2,'SIERRA\r'),
	('101002','HUANUCO','LAURICOCHA','BAÑOS','BAÑOS',2,'SIERRA\r'),
	('101003','HUANUCO','LAURICOCHA','JIVIA','JIVIA',2,'SIERRA\r'),
	('101004','HUANUCO','LAURICOCHA','QUEROPALCA','QUEROPALCA',2,'SIERRA\r'),
	('101005','HUANUCO','LAURICOCHA','RONDOS','RONDOS',2,'SIERRA\r'),
	('101006','HUANUCO','LAURICOCHA','SAN FRANCISCO DE ASIS','HUARIN',2,'SIERRA\r'),
	('101007','HUANUCO','LAURICOCHA','SAN MIGUEL DE CAURI','CAURI',2,'SIERRA\r'),
	('10101','AMAZONAS','CHACHAPOYAS','CHACHAPOYAS','CHACHAPOYAS',2,'SIERRA\r'),
	('10102','AMAZONAS','CHACHAPOYAS','ASUNCION','ASUNCION',2,'SIERRA\r'),
	('10103','AMAZONAS','CHACHAPOYAS','BALSAS','BALSAS',3,'SELVA ALTA\r'),
	('10104','AMAZONAS','CHACHAPOYAS','CHETO','CHETO',2,'SIERRA\r'),
	('10105','AMAZONAS','CHACHAPOYAS','CHILIQUIN','CHILIQUIN',2,'SIERRA\r'),
	('10106','AMAZONAS','CHACHAPOYAS','CHUQUIBAMBA','CHUQUIBAMBA',2,'SIERRA\r'),
	('10107','AMAZONAS','CHACHAPOYAS','GRANADA','GRANADA',2,'SIERRA\r'),
	('10108','AMAZONAS','CHACHAPOYAS','HUANCAS','HUANCAS',2,'SIERRA\r'),
	('10109','AMAZONAS','CHACHAPOYAS','LA JALCA','LA JALCA',2,'SIERRA\r'),
	('10110','AMAZONAS','CHACHAPOYAS','LEIMEBAMBA','LEIMEBAMBA',2,'SIERRA\r'),
	('101101','HUANUCO','YAROWILCA','CHAVINILLO','CHAVINILLO',2,'SIERRA\r'),
	('101102','HUANUCO','YAROWILCA','CAHUAC','CAHUAC',2,'SIERRA\r'),
	('101103','HUANUCO','YAROWILCA','CHACABAMBA','CHACABAMBA',2,'SIERRA\r'),
	('101104','HUANUCO','YAROWILCA','APARICIO POMARES','CHUPAN',2,'SIERRA\r'),
	('101105','HUANUCO','YAROWILCA','JACAS CHICO','SAN CRISTOBAL DE JACAS CHICO',2,'SIERRA\r'),
	('101106','HUANUCO','YAROWILCA','OBAS','OBAS',2,'SIERRA\r'),
	('101107','HUANUCO','YAROWILCA','PAMPAMARCA','PAMPAMARCA',2,'SIERRA\r'),
	('101108','HUANUCO','YAROWILCA','CHORAS','CHORAS',2,'SIERRA\r'),
	('10111','AMAZONAS','CHACHAPOYAS','LEVANTO','LEVANTO',2,'SIERRA\r'),
	('10112','AMAZONAS','CHACHAPOYAS','MAGDALENA','MAGDALENA',3,'SELVA ALTA\r'),
	('10113','AMAZONAS','CHACHAPOYAS','MARISCAL CASTILLA','DURAZNOPAMPA',2,'SIERRA\r'),
	('10114','AMAZONAS','CHACHAPOYAS','MOLINOPAMPA','MOLINOPAMPA',2,'SIERRA\r'),
	('10115','AMAZONAS','CHACHAPOYAS','MONTEVIDEO','MONTEVIDEO',2,'SIERRA\r'),
	('10116','AMAZONAS','CHACHAPOYAS','OLLEROS','OLLEROS',2,'SIERRA\r'),
	('10117','AMAZONAS','CHACHAPOYAS','QUINJALCA','QUINJALCA',2,'SIERRA\r'),
	('10118','AMAZONAS','CHACHAPOYAS','SAN FRANCISCO DE DAGUAS','DAGUAS',2,'SIERRA\r'),
	('10119','AMAZONAS','CHACHAPOYAS','SAN ISIDRO DE MAINO','MAINO',2,'SIERRA\r'),
	('10120','AMAZONAS','CHACHAPOYAS','SOLOCO','SOLOCO',2,'SIERRA\r'),
	('10121','AMAZONAS','CHACHAPOYAS','SONCHE','SAN JUAN DE SONCHE',2,'SIERRA\r'),
	('10201','AMAZONAS','BAGUA','BAGUA','BAGUA',4,'SELVA BAJA\r'),
	('10202','AMAZONAS','BAGUA','ARAMANGO','ARAMANGO',3,'SELVA ALTA\r'),
	('10203','AMAZONAS','BAGUA','COPALLIN','COPALLIN',3,'SELVA ALTA\r'),
	('10204','AMAZONAS','BAGUA','EL PARCO','EL PARCO',3,'SELVA ALTA\r'),
	('10205','AMAZONAS','BAGUA','IMAZA','CHIRIACO',4,'SELVA BAJA\r'),
	('10206','AMAZONAS','BAGUA','LA PECA','LA PECA',3,'SELVA ALTA\r'),
	('10301','AMAZONAS','BONGARA','JUMBILLA','JUMBILLA',2,'SIERRA\r'),
	('10302','AMAZONAS','BONGARA','CHISQUILLA','CHISQUILLA',2,'SIERRA\r'),
	('10303','AMAZONAS','BONGARA','CHURUJA','CHURUJA',3,'SELVA ALTA\r'),
	('10304','AMAZONAS','BONGARA','COROSHA','COROSHA',2,'SIERRA\r'),
	('10305','AMAZONAS','BONGARA','CUISPES','CUISPES',3,'SELVA ALTA\r'),
	('10306','AMAZONAS','BONGARA','FLORIDA','FLORIDA (POMACOCHAS)',2,'SIERRA\r'),
	('10307','AMAZONAS','BONGARA','JAZAN','PEDRO RUIZ GALLO',3,'SELVA ALTA\r'),
	('10308','AMAZONAS','BONGARA','RECTA','RECTA',2,'SIERRA\r'),
	('10309','AMAZONAS','BONGARA','SAN CARLOS','SAN CARLOS',3,'SELVA ALTA\r'),
	('10310','AMAZONAS','BONGARA','SHIPASBAMBA','SHIPASBAMBA',3,'SELVA ALTA\r'),
	('10311','AMAZONAS','BONGARA','VALERA','VALERA (SAN PABLO)',3,'SELVA ALTA\r'),
	('10312','AMAZONAS','BONGARA','YAMBRASBAMBA','YAMBRASBAMBA',3,'SELVA ALTA\r'),
	('10401','AMAZONAS','CONDORCANQUI','NIEVA','SANTA MARIA DE NIEVA',4,'SELVA BAJA\r'),
	('10402','AMAZONAS','CONDORCANQUI','EL CENEPA','HUAMPAMI',4,'SELVA BAJA\r'),
	('10403','AMAZONAS','CONDORCANQUI','RIO SANTIAGO','PUERTO GALILEA',4,'SELVA BAJA\r'),
	('10501','AMAZONAS','LUYA','LAMUD','LAMUD',2,'SIERRA\r'),
	('10502','AMAZONAS','LUYA','CAMPORREDONDO','CAMPORREDONDO',3,'SELVA ALTA\r'),
	('10503','AMAZONAS','LUYA','COCABAMBA','COCABAMBA',2,'SIERRA\r'),
	('10504','AMAZONAS','LUYA','COLCAMAR','COLCAMAR',2,'SIERRA\r'),
	('10505','AMAZONAS','LUYA','CONILA','COHECHAN',2,'SIERRA\r'),
	('10506','AMAZONAS','LUYA','INGUILPATA','INGUILPATA',2,'SIERRA\r'),
	('10507','AMAZONAS','LUYA','LONGUITA','LONGUITA',2,'SIERRA\r'),
	('10508','AMAZONAS','LUYA','LONYA CHICO','LONYA CHICO',2,'SIERRA\r'),
	('10509','AMAZONAS','LUYA','LUYA','LUYA',2,'SIERRA\r'),
	('10510','AMAZONAS','LUYA','LUYA VIEJO','LUYA VIEJO',2,'SIERRA\r'),
	('10511','AMAZONAS','LUYA','MARIA','MARIA',2,'SIERRA\r'),
	('10512','AMAZONAS','LUYA','OCALLI','OCALLI',3,'SELVA ALTA\r'),
	('10513','AMAZONAS','LUYA','OCUMAL','COLLONCE',3,'SELVA ALTA\r'),
	('10514','AMAZONAS','LUYA','PISUQUIA','YOMBLON',2,'SIERRA\r'),
	('10515','AMAZONAS','LUYA','PROVIDENCIA','PROVIDENCIA',3,'SELVA ALTA\r'),
	('10516','AMAZONAS','LUYA','SAN CRISTOBAL','OLTO',2,'SIERRA\r'),
	('10517','AMAZONAS','LUYA','SAN FRANCISCO DEL YESO','SAN FRANCISCO DEL YESO',2,'SIERRA\r'),
	('10518','AMAZONAS','LUYA','SAN JERONIMO','PACLAS',2,'SIERRA\r'),
	('10519','AMAZONAS','LUYA','SAN JUAN DE LOPECANCHA','SAN JUAN DE LOPECANCHA',2,'SIERRA\r'),
	('10520','AMAZONAS','LUYA','SANTA CATALINA','SANTA CATALINA',2,'SIERRA\r'),
	('10521','AMAZONAS','LUYA','SANTO TOMAS','SANTO TOMAS',2,'SIERRA\r'),
	('10522','AMAZONAS','LUYA','TINGO','TINGO',3,'SELVA ALTA\r'),
	('10523','AMAZONAS','LUYA','TRITA','TRITA',2,'SIERRA\r'),
	('10601','AMAZONAS','RODRIGUEZ DE MENDOZA','SAN NICOLAS','MENDOZA',3,'SELVA ALTA\r'),
	('10602','AMAZONAS','RODRIGUEZ DE MENDOZA','CHIRIMOTO','CHIRIMOTO',3,'SELVA ALTA\r'),
	('10603','AMAZONAS','RODRIGUEZ DE MENDOZA','COCHAMAL','COCHAMAL',3,'SELVA ALTA\r'),
	('10604','AMAZONAS','RODRIGUEZ DE MENDOZA','HUAMBO','HUAMBO',3,'SELVA ALTA\r'),
	('10605','AMAZONAS','RODRIGUEZ DE MENDOZA','LIMABAMBA','LIMABAMBA',3,'SELVA ALTA\r'),
	('10606','AMAZONAS','RODRIGUEZ DE MENDOZA','LONGAR','LONGAR',3,'SELVA ALTA\r'),
	('10607','AMAZONAS','RODRIGUEZ DE MENDOZA','MARISCAL BENAVIDES','MARISCAL BENAVIDES',3,'SELVA ALTA\r'),
	('10608','AMAZONAS','RODRIGUEZ DE MENDOZA','MILPUC','MILPUC',3,'SELVA ALTA\r'),
	('10609','AMAZONAS','RODRIGUEZ DE MENDOZA','OMIA','OMIA',3,'SELVA ALTA\r'),
	('10610','AMAZONAS','RODRIGUEZ DE MENDOZA','SANTA ROSA','SANTA ROSA DE HUAYABAMBA',3,'SELVA ALTA\r'),
	('10611','AMAZONAS','RODRIGUEZ DE MENDOZA','TOTORA','TOTORA',3,'SELVA ALTA\r'),
	('10612','AMAZONAS','RODRIGUEZ DE MENDOZA','VISTA ALEGRE','VISTA ALEGRE',3,'SELVA ALTA\r'),
	('10701','AMAZONAS','UTCUBAMBA','BAGUA GRANDE','BAGUA GRANDE',4,'SELVA BAJA\r'),
	('10702','AMAZONAS','UTCUBAMBA','CAJARURO','CAJARURO',4,'SELVA BAJA\r'),
	('10703','AMAZONAS','UTCUBAMBA','CUMBA','CUMBA',4,'SELVA BAJA\r'),
	('10704','AMAZONAS','UTCUBAMBA','EL MILAGRO','EL MILAGRO',4,'SELVA BAJA\r'),
	('10705','AMAZONAS','UTCUBAMBA','JAMALCA','JAMALCA',3,'SELVA ALTA\r'),
	('10706','AMAZONAS','UTCUBAMBA','LONYA GRANDE','LONYA GRANDE',3,'SELVA ALTA\r'),
	('10707','AMAZONAS','UTCUBAMBA','YAMON','YAMON',3,'SELVA ALTA\r'),
	('110101','ICA','ICA','ICA','ICA',1,'COSTA\r'),
	('110102','ICA','ICA','LA TINGUIÑA','LA TINGUIÑA',1,'COSTA\r'),
	('110103','ICA','ICA','LOS AQUIJES','LOS AQUIJES',1,'COSTA\r'),
	('110104','ICA','ICA','OCUCAJE','OCUCAJE',1,'COSTA\r'),
	('110105','ICA','ICA','PACHACUTEC','PAMPA DE TATE',1,'COSTA\r'),
	('110106','ICA','ICA','PARCONA','PARCONA',1,'COSTA\r'),
	('110107','ICA','ICA','PUEBLO NUEVO','PUEBLO NUEVO',1,'COSTA\r'),
	('110108','ICA','ICA','SALAS','GUADALUPE',1,'COSTA\r'),
	('110109','ICA','ICA','SAN JOSE DE LOS MOLINOS','SAN JOSE DE LOS MOLINOS',1,'COSTA\r'),
	('110110','ICA','ICA','SAN JUAN BAUTISTA','SAN JUAN BAUTISTA',1,'COSTA\r'),
	('110111','ICA','ICA','SANTIAGO','SANTIAGO',1,'COSTA\r'),
	('110112','ICA','ICA','SUBTANJALLA','SUBTANJALLA',1,'COSTA\r'),
	('110113','ICA','ICA','TATE','TATE DE LA CAPILLA',1,'COSTA\r'),
	('110114','ICA','ICA','YAUCA DEL ROSARIO','PAMPAHUASI /9',1,'COSTA\r'),
	('110201','ICA','CHINCHA','CHINCHA ALTA','CHINCHA ALTA',1,'COSTA\r'),
	('110202','ICA','CHINCHA','ALTO LARAN','ALTO LARAN',1,'COSTA\r'),
	('110203','ICA','CHINCHA','CHAVIN','CHAVIN',2,'SIERRA\r'),
	('110204','ICA','CHINCHA','CHINCHA BAJA','CHINCHA BAJA',1,'COSTA\r'),
	('110205','ICA','CHINCHA','EL CARMEN','EL CARMEN',1,'COSTA\r'),
	('110206','ICA','CHINCHA','GROCIO PRADO','SAN PEDRO',1,'COSTA\r'),
	('110207','ICA','CHINCHA','PUEBLO NUEVO','PUEBLO NUEVO',1,'COSTA\r'),
	('110208','ICA','CHINCHA','SAN JUAN DE YANAC','SAN JUAN DE YANAC',2,'SIERRA\r'),
	('110209','ICA','CHINCHA','SAN PEDRO DE HUACARPANA','SAN PEDRO DE HUACARPANA',2,'SIERRA\r'),
	('110210','ICA','CHINCHA','SUNAMPE','SUNAMPE',1,'COSTA\r'),
	('110211','ICA','CHINCHA','TAMBO DE MORA','TAMBO DE MORA',1,'COSTA\r'),
	('110301','ICA','NASCA','NASCA','NASCA',1,'COSTA\r'),
	('110302','ICA','NASCA','CHANGUILLO','CHANGUILLO',1,'COSTA\r'),
	('110303','ICA','NASCA','EL INGENIO','EL INGENIO',1,'COSTA\r'),
	('110304','ICA','NASCA','MARCONA','SAN JUAN',1,'COSTA\r'),
	('110305','ICA','NASCA','VISTA ALEGRE','VISTA ALEGRE',1,'COSTA\r'),
	('110401','ICA','PALPA','PALPA','PALPA',1,'COSTA\r'),
	('110402','ICA','PALPA','LLIPATA','LLIPATA',1,'COSTA\r'),
	('110403','ICA','PALPA','RIO GRANDE','RIO GRANDE',1,'COSTA\r'),
	('110404','ICA','PALPA','SANTA CRUZ','SANTA CRUZ',1,'COSTA\r'),
	('110405','ICA','PALPA','TIBILLO','TIBILLO',2,'SIERRA\r'),
	('110501','ICA','PISCO','PISCO','PISCO',1,'COSTA\r'),
	('110502','ICA','PISCO','HUANCANO','HUANCANO',1,'COSTA\r'),
	('110503','ICA','PISCO','HUMAY','HUMAY',1,'COSTA\r'),
	('110504','ICA','PISCO','INDEPENDENCIA','INDEPENDENCIA',1,'COSTA\r'),
	('110505','ICA','PISCO','PARACAS','PARACAS',1,'COSTA\r'),
	('110506','ICA','PISCO','SAN ANDRES','SAN ANDRES',1,'COSTA\r'),
	('110507','ICA','PISCO','SAN CLEMENTE','SAN CLEMENTE',1,'COSTA\r'),
	('110508','ICA','PISCO','TUPAC AMARU INCA','TUPAC AMARU',1,'COSTA\r'),
	('120101','JUNIN','HUANCAYO','HUANCAYO','HUANCAYO',2,'SIERRA\r'),
	('120104','JUNIN','HUANCAYO','CARHUACALLANGA','CARHUACALLANGA',2,'SIERRA\r'),
	('120105','JUNIN','HUANCAYO','CHACAPAMPA','CHACAPAMPA',2,'SIERRA\r'),
	('120106','JUNIN','HUANCAYO','CHICCHE','CHICCHE',2,'SIERRA\r'),
	('120107','JUNIN','HUANCAYO','CHILCA','CHILCA',2,'SIERRA\r'),
	('120108','JUNIN','HUANCAYO','CHONGOS ALTO','CHONGOS ALTO',2,'SIERRA\r'),
	('120111','JUNIN','HUANCAYO','CHUPURO','CHUPURO',2,'SIERRA\r'),
	('120112','JUNIN','HUANCAYO','COLCA','COLCA',2,'SIERRA\r'),
	('120113','JUNIN','HUANCAYO','CULLHUAS','CULLHUAS',2,'SIERRA\r'),
	('120114','JUNIN','HUANCAYO','EL TAMBO','EL TAMBO',2,'SIERRA\r'),
	('120116','JUNIN','HUANCAYO','HUACRAPUQUIO','HUACRAPUQUIO',2,'SIERRA\r'),
	('120117','JUNIN','HUANCAYO','HUALHUAS','HUALHUAS',2,'SIERRA\r'),
	('120119','JUNIN','HUANCAYO','HUANCAN','HUANCAN',2,'SIERRA\r'),
	('120120','JUNIN','HUANCAYO','HUASICANCHA','HUASICANCHA',2,'SIERRA\r'),
	('120121','JUNIN','HUANCAYO','HUAYUCACHI','HUAYUCACHI',2,'SIERRA\r'),
	('120122','JUNIN','HUANCAYO','INGENIO','INGENIO',2,'SIERRA\r'),
	('120124','JUNIN','HUANCAYO','PARIAHUANCA','LAMPA /10',2,'SIERRA\r'),
	('120125','JUNIN','HUANCAYO','PILCOMAYO','PILCOMAYO',2,'SIERRA\r'),
	('120126','JUNIN','HUANCAYO','PUCARA','PUCARA',2,'SIERRA\r'),
	('120127','JUNIN','HUANCAYO','QUICHUAY','QUICHUAY',2,'SIERRA\r'),
	('120128','JUNIN','HUANCAYO','QUILCAS','QUILCAS',2,'SIERRA\r'),
	('120129','JUNIN','HUANCAYO','SAN AGUSTIN','SAN AGUSTIN',2,'SIERRA\r'),
	('120130','JUNIN','HUANCAYO','SAN JERONIMO DE TUNAN','SAN JERONIMO DE TUNAN',2,'SIERRA\r'),
	('120132','JUNIN','HUANCAYO','SAÑO','SAÑO',2,'SIERRA\r'),
	('120133','JUNIN','HUANCAYO','SAPALLANGA','SAPALLANGA',2,'SIERRA\r'),
	('120134','JUNIN','HUANCAYO','SICAYA','SICAYA',2,'SIERRA\r'),
	('120135','JUNIN','HUANCAYO','SANTO DOMINGO DE ACOBAMBA','SANTO DOMINGO DE ACOBAMBA',2,'SIERRA\r'),
	('120136','JUNIN','HUANCAYO','VIQUES','VIQUES',2,'SIERRA\r'),
	('120201','JUNIN','CONCEPCION','CONCEPCION','CONCEPCION',2,'SIERRA\r'),
	('120202','JUNIN','CONCEPCION','ACO','ACO',2,'SIERRA\r'),
	('120203','JUNIN','CONCEPCION','ANDAMARCA','ANDAMARCA',2,'SIERRA\r'),
	('120204','JUNIN','CONCEPCION','CHAMBARA','CHAMBARA',2,'SIERRA\r'),
	('120205','JUNIN','CONCEPCION','COCHAS','COCHAS',2,'SIERRA\r'),
	('120206','JUNIN','CONCEPCION','COMAS','COMAS',2,'SIERRA\r'),
	('120207','JUNIN','CONCEPCION','HEROINAS TOLEDO','SAN ANTONIO DE OCOPA',2,'SIERRA\r'),
	('120208','JUNIN','CONCEPCION','MANZANARES','SAN MIGUEL',2,'SIERRA\r'),
	('120209','JUNIN','CONCEPCION','MARISCAL CASTILLA','MUCLLO',2,'SIERRA\r'),
	('120210','JUNIN','CONCEPCION','MATAHUASI','MATAHUASI',2,'SIERRA\r'),
	('120211','JUNIN','CONCEPCION','MITO','MITO',2,'SIERRA\r'),
	('120212','JUNIN','CONCEPCION','NUEVE DE JULIO','SANTO DOMINGO DEL PRADO',2,'SIERRA\r'),
	('120213','JUNIN','CONCEPCION','ORCOTUNA','ORCOTUNA',2,'SIERRA\r'),
	('120214','JUNIN','CONCEPCION','SAN JOSE DE QUERO','SAN JOSE DE QUERO',2,'SIERRA\r'),
	('120215','JUNIN','CONCEPCION','SANTA ROSA DE OCOPA','SANTA ROSA',2,'SIERRA\r'),
	('120301','JUNIN','CHANCHAMAYO','CHANCHAMAYO','LA MERCED',3,'SELVA ALTA\r'),
	('120302','JUNIN','CHANCHAMAYO','PERENE','PERENE',3,'SELVA ALTA\r'),
	('120303','JUNIN','CHANCHAMAYO','PICHANAQUI','BAJO PICHANAQUI',3,'SELVA ALTA\r'),
	('120304','JUNIN','CHANCHAMAYO','SAN LUIS DE SHUARO','SAN LUIS DE SHUARO',3,'SELVA ALTA\r'),
	('120305','JUNIN','CHANCHAMAYO','SAN RAMON','SAN RAMON',3,'SELVA ALTA\r'),
	('120306','JUNIN','CHANCHAMAYO','VITOC','PUCARA',3,'SELVA ALTA\r'),
	('120401','JUNIN','JAUJA','JAUJA','JAUJA',2,'SIERRA\r'),
	('120402','JUNIN','JAUJA','ACOLLA','ACOLLA',2,'SIERRA\r'),
	('120403','JUNIN','JAUJA','APATA','APATA',2,'SIERRA\r'),
	('120404','JUNIN','JAUJA','ATAURA','ATAURA',2,'SIERRA\r'),
	('120405','JUNIN','JAUJA','CANCHAYLLO','CANCHAYLLO',2,'SIERRA\r'),
	('120406','JUNIN','JAUJA','CURICACA','EL ROSARIO',2,'SIERRA\r'),
	('120407','JUNIN','JAUJA','EL MANTARO','PUCUCHO',2,'SIERRA\r'),
	('120408','JUNIN','JAUJA','HUAMALI','HUAMALI',2,'SIERRA\r'),
	('120409','JUNIN','JAUJA','HUARIPAMPA','HUARIPAMPA',2,'SIERRA\r'),
	('120410','JUNIN','JAUJA','HUERTAS','HUERTAS',2,'SIERRA\r'),
	('120411','JUNIN','JAUJA','JANJAILLO','JANJAILLO',2,'SIERRA\r'),
	('120412','JUNIN','JAUJA','JULCAN','JULCAN',2,'SIERRA\r'),
	('120413','JUNIN','JAUJA','LEONOR ORDOÑEZ','HUANCANI',2,'SIERRA\r'),
	('120414','JUNIN','JAUJA','LLOCLLAPAMPA','LLOCLLAPAMPA',2,'SIERRA\r'),
	('120415','JUNIN','JAUJA','MARCO','MARCO',2,'SIERRA\r'),
	('120416','JUNIN','JAUJA','MASMA','MASMA',2,'SIERRA\r'),
	('120417','JUNIN','JAUJA','MASMA CHICCHE','MASMA CHICCHE',2,'SIERRA\r'),
	('120418','JUNIN','JAUJA','MOLINOS','MOLINOS',2,'SIERRA\r'),
	('120419','JUNIN','JAUJA','MONOBAMBA','MONOBAMBA',3,'SELVA ALTA\r'),
	('120420','JUNIN','JAUJA','MUQUI','MUQUI',2,'SIERRA\r'),
	('120421','JUNIN','JAUJA','MUQUIYAUYO','MUQUIYAUYO',2,'SIERRA\r'),
	('120422','JUNIN','JAUJA','PACA','PACA',2,'SIERRA\r'),
	('120423','JUNIN','JAUJA','PACCHA','PACCHA',2,'SIERRA\r'),
	('120424','JUNIN','JAUJA','PANCAN','PANCAN',2,'SIERRA\r'),
	('120425','JUNIN','JAUJA','PARCO','PARCO',2,'SIERRA\r'),
	('120426','JUNIN','JAUJA','POMACANCHA','POMACANCHA',2,'SIERRA\r'),
	('120427','JUNIN','JAUJA','RICRAN','RICRAN',2,'SIERRA\r'),
	('120428','JUNIN','JAUJA','SAN LORENZO','SAN LORENZO',2,'SIERRA\r'),
	('120429','JUNIN','JAUJA','SAN PEDRO DE CHUNAN','SAN PEDRO DE CHUNAN',2,'SIERRA\r'),
	('120430','JUNIN','JAUJA','SAUSA','SAUSA',2,'SIERRA\r'),
	('120431','JUNIN','JAUJA','SINCOS','SINCOS',2,'SIERRA\r'),
	('120432','JUNIN','JAUJA','TUNAN MARCA','CONCHO',2,'SIERRA\r'),
	('120433','JUNIN','JAUJA','YAULI','YAULI',2,'SIERRA\r'),
	('120434','JUNIN','JAUJA','YAUYOS','YAUYOS',2,'SIERRA\r'),
	('120501','JUNIN','JUNIN','JUNIN','JUNIN',2,'SIERRA\r'),
	('120502','JUNIN','JUNIN','CARHUAMAYO','CARHUAMAYO',2,'SIERRA\r'),
	('120503','JUNIN','JUNIN','ONDORES','ONDORES',2,'SIERRA\r'),
	('120504','JUNIN','JUNIN','ULCUMAYO','ULCUMAYO',2,'SIERRA\r'),
	('120601','JUNIN','SATIPO','SATIPO','SATIPO',3,'SELVA ALTA\r'),
	('120602','JUNIN','SATIPO','COVIRIALI','COVIRIALI',3,'SELVA ALTA\r'),
	('120603','JUNIN','SATIPO','LLAYLLA','LLAYLLA',3,'SELVA ALTA\r'),
	('120604','JUNIN','SATIPO','MAZAMARI','MAZAMARI',3,'SELVA ALTA\r'),
	('120605','JUNIN','SATIPO','PAMPA HERMOSA','MARIPOSA',3,'SELVA ALTA\r'),
	('120606','JUNIN','SATIPO','PANGOA','SAN MARTIN DE PANGOA',3,'SELVA ALTA\r'),
	('120607','JUNIN','SATIPO','RIO NEGRO','RIO NEGRO',3,'SELVA ALTA\r'),
	('120608','JUNIN','SATIPO','RIO TAMBO','PUERTO OCOPA',4,'SELVA BAJA\r'),
	('120609','JUNIN','SATIPO','VIZCATÁN DEL ENE','SAN MIGUEL DEL ENE',3,'SELVA ALTA\r'),
	('120701','JUNIN','TARMA','TARMA','TARMA',2,'SIERRA\r'),
	('120702','JUNIN','TARMA','ACOBAMBA','ACOBAMBA',2,'SIERRA\r'),
	('120703','JUNIN','TARMA','HUARICOLCA','HUARICOLCA',2,'SIERRA\r'),
	('120704','JUNIN','TARMA','HUASAHUASI','HUASAHUASI',2,'SIERRA\r'),
	('120705','JUNIN','TARMA','LA UNION','LETICIA',2,'SIERRA\r'),
	('120706','JUNIN','TARMA','PALCA','PALCA',2,'SIERRA\r'),
	('120707','JUNIN','TARMA','PALCAMAYO','PALCAMAYO',2,'SIERRA\r'),
	('120708','JUNIN','TARMA','SAN PEDRO DE CAJAS','SAN PEDRO DE CAJAS',2,'SIERRA\r'),
	('120709','JUNIN','TARMA','TAPO','TAPO',2,'SIERRA\r'),
	('120801','JUNIN','YAULI','LA OROYA','LA OROYA',2,'SIERRA\r'),
	('120802','JUNIN','YAULI','CHACAPALPA','CHACAPALPA',2,'SIERRA\r'),
	('120803','JUNIN','YAULI','HUAY-HUAY','HUAY-HUAY',2,'SIERRA\r'),
	('120804','JUNIN','YAULI','MARCAPOMACOCHA','MARCAPOMACOCHA',2,'SIERRA\r'),
	('120805','JUNIN','YAULI','MOROCOCHA','NUEVA MOROCOCHA',2,'SIERRA\r'),
	('120806','JUNIN','YAULI','PACCHA','PACCHA',2,'SIERRA\r'),
	('120807','JUNIN','YAULI','SANTA BARBARA DE CARHUACAYAN','SANTA BARBARA DE CARHUACAYAN',2,'SIERRA\r'),
	('120808','JUNIN','YAULI','SANTA ROSA DE SACCO','SANTA ROSA DE SACCO',2,'SIERRA\r'),
	('120809','JUNIN','YAULI','SUITUCANCHA','SUITUCANCHA',2,'SIERRA\r'),
	('120810','JUNIN','YAULI','YAULI','YAULI',2,'SIERRA\r'),
	('120901','JUNIN','CHUPACA','CHUPACA','CHUPACA',2,'SIERRA\r'),
	('120902','JUNIN','CHUPACA','AHUAC','AHUAC',2,'SIERRA\r'),
	('120903','JUNIN','CHUPACA','CHONGOS BAJO','CHONGOS BAJO',2,'SIERRA\r'),
	('120904','JUNIN','CHUPACA','HUACHAC','HUACHAC',2,'SIERRA\r'),
	('120905','JUNIN','CHUPACA','HUAMANCACA CHICO','HUAMANCACA CHICO',2,'SIERRA\r'),
	('120906','JUNIN','CHUPACA','SAN JUAN DE ISCOS','ISCOS',2,'SIERRA\r'),
	('120907','JUNIN','CHUPACA','SAN JUAN DE JARPA','JARPA',2,'SIERRA\r'),
	('120908','JUNIN','CHUPACA','TRES DE DICIEMBRE','TRES DE DICIEMBRE',2,'SIERRA\r'),
	('120909','JUNIN','CHUPACA','YANACANCHA','YANACANCHA',2,'SIERRA\r'),
	('130101','LA LIBERTAD','TRUJILLO','TRUJILLO','TRUJILLO',1,'COSTA\r'),
	('130102','LA LIBERTAD','TRUJILLO','EL PORVENIR','EL PORVENIR',1,'COSTA\r'),
	('130103','LA LIBERTAD','TRUJILLO','FLORENCIA DE MORA','FLORENCIA DE MORA',1,'COSTA\r'),
	('130104','LA LIBERTAD','TRUJILLO','HUANCHACO','HUANCHACO',1,'COSTA\r'),
	('130105','LA LIBERTAD','TRUJILLO','LA ESPERANZA','LA ESPERANZA',1,'COSTA\r'),
	('130106','LA LIBERTAD','TRUJILLO','LAREDO','LAREDO',1,'COSTA\r'),
	('130107','LA LIBERTAD','TRUJILLO','MOCHE','MOCHE',1,'COSTA\r'),
	('130108','LA LIBERTAD','TRUJILLO','POROTO','POROTO',1,'COSTA\r'),
	('130109','LA LIBERTAD','TRUJILLO','SALAVERRY','SALAVERRY',1,'COSTA\r'),
	('130110','LA LIBERTAD','TRUJILLO','SIMBAL','SIMBAL',1,'COSTA\r'),
	('130111','LA LIBERTAD','TRUJILLO','VICTOR LARCO HERRERA','BUENOS AIRES',1,'COSTA\r'),
	('130112','LA LIBERTAD','TRUJILLO','ALTO TRUJILLO','ALTO TRUJILLO',1,'COSTA\r'),
	('130201','LA LIBERTAD','ASCOPE','ASCOPE','ASCOPE',1,'COSTA\r'),
	('130202','LA LIBERTAD','ASCOPE','CHICAMA','CHICAMA',1,'COSTA\r'),
	('130203','LA LIBERTAD','ASCOPE','CHOCOPE','CHOCOPE',1,'COSTA\r'),
	('130204','LA LIBERTAD','ASCOPE','MAGDALENA DE CAO','MAGDALENA DE CAO',1,'COSTA\r'),
	('130205','LA LIBERTAD','ASCOPE','PAIJAN','PAIJAN',1,'COSTA\r'),
	('130206','LA LIBERTAD','ASCOPE','RAZURI','PUERTO DE MALABRIGO',1,'COSTA\r'),
	('130207','LA LIBERTAD','ASCOPE','SANTIAGO DE CAO','SANTIAGO DE CAO',1,'COSTA\r'),
	('130208','LA LIBERTAD','ASCOPE','CASA GRANDE','CASA GRANDE',1,'COSTA\r'),
	('130301','LA LIBERTAD','BOLIVAR','BOLIVAR','BOLIVAR',2,'SIERRA\r'),
	('130302','LA LIBERTAD','BOLIVAR','BAMBAMARCA','BAMBAMARCA',2,'SIERRA\r'),
	('130303','LA LIBERTAD','BOLIVAR','CONDORMARCA','NUEVO CONDORMARCA /11',2,'SIERRA\r'),
	('130304','LA LIBERTAD','BOLIVAR','LONGOTEA','LONGOTEA',2,'SIERRA\r'),
	('130305','LA LIBERTAD','BOLIVAR','UCHUMARCA','UCHUMARCA',2,'SIERRA\r'),
	('130306','LA LIBERTAD','BOLIVAR','UCUNCHA','UCUNCHA',2,'SIERRA\r'),
	('130401','LA LIBERTAD','CHEPEN','CHEPEN','CHEPEN',1,'COSTA\r'),
	('130402','LA LIBERTAD','CHEPEN','PACANGA','PACANGA',1,'COSTA\r'),
	('130403','LA LIBERTAD','CHEPEN','PUEBLO NUEVO','PUEBLO NUEVO',1,'COSTA\r'),
	('130501','LA LIBERTAD','JULCAN','JULCAN','JULCAN',2,'SIERRA\r'),
	('130502','LA LIBERTAD','JULCAN','CALAMARCA','CALAMARCA',2,'SIERRA\r'),
	('130503','LA LIBERTAD','JULCAN','CARABAMBA','CARABAMBA',2,'SIERRA\r'),
	('130504','LA LIBERTAD','JULCAN','HUASO','HUASO',2,'SIERRA\r'),
	('130601','LA LIBERTAD','OTUZCO','OTUZCO','OTUZCO',2,'SIERRA\r'),
	('130602','LA LIBERTAD','OTUZCO','AGALLPAMPA','AGALLPAMPA',2,'SIERRA\r'),
	('130604','LA LIBERTAD','OTUZCO','CHARAT','CHARAT',2,'SIERRA\r'),
	('130605','LA LIBERTAD','OTUZCO','HUARANCHAL','HUARANCHAL',2,'SIERRA\r'),
	('130606','LA LIBERTAD','OTUZCO','LA CUESTA','LA CUESTA',1,'COSTA\r'),
	('130608','LA LIBERTAD','OTUZCO','MACHE','MACHE',2,'SIERRA\r'),
	('130610','LA LIBERTAD','OTUZCO','PARANDAY','PARANDAY',2,'SIERRA\r'),
	('130611','LA LIBERTAD','OTUZCO','SALPO','SALPO',2,'SIERRA\r'),
	('130613','LA LIBERTAD','OTUZCO','SINSICAP','SINSICAP',2,'SIERRA\r'),
	('130614','LA LIBERTAD','OTUZCO','USQUIL','USQUIL',2,'SIERRA\r'),
	('130701','LA LIBERTAD','PACASMAYO','SAN PEDRO DE LLOC','SAN PEDRO DE LLOC',1,'COSTA\r'),
	('130702','LA LIBERTAD','PACASMAYO','GUADALUPE','GUADALUPE',1,'COSTA\r'),
	('130703','LA LIBERTAD','PACASMAYO','JEQUETEPEQUE','JEQUETEPEQUE',1,'COSTA\r'),
	('130704','LA LIBERTAD','PACASMAYO','PACASMAYO','PACASMAYO',1,'COSTA\r'),
	('130705','LA LIBERTAD','PACASMAYO','SAN JOSE','SAN JOSE',1,'COSTA\r'),
	('130801','LA LIBERTAD','PATAZ','TAYABAMBA','TAYABAMBA',2,'SIERRA\r'),
	('130802','LA LIBERTAD','PATAZ','BULDIBUYO','BULDIBUYO',2,'SIERRA\r'),
	('130803','LA LIBERTAD','PATAZ','CHILLIA','CHILLIA',2,'SIERRA\r'),
	('130804','LA LIBERTAD','PATAZ','HUANCASPATA','HUANCASPATA',2,'SIERRA\r'),
	('130805','LA LIBERTAD','PATAZ','HUAYLILLAS','HUAYLILLAS',2,'SIERRA\r'),
	('130806','LA LIBERTAD','PATAZ','HUAYO','HUAYO',2,'SIERRA\r'),
	('130807','LA LIBERTAD','PATAZ','ONGON','ONGON',3,'SELVA ALTA\r'),
	('130808','LA LIBERTAD','PATAZ','PARCOY','PARCOY',2,'SIERRA\r'),
	('130809','LA LIBERTAD','PATAZ','PATAZ','PATAZ',2,'SIERRA\r'),
	('130810','LA LIBERTAD','PATAZ','PIAS','PIAS',2,'SIERRA\r'),
	('130811','LA LIBERTAD','PATAZ','SANTIAGO DE CHALLAS','CHALLAS',2,'SIERRA\r'),
	('130812','LA LIBERTAD','PATAZ','TAURIJA','TAURIJA',2,'SIERRA\r'),
	('130813','LA LIBERTAD','PATAZ','URPAY','URPAY',2,'SIERRA\r'),
	('130901','LA LIBERTAD','SANCHEZ CARRION','HUAMACHUCO','HUAMACHUCO',2,'SIERRA\r'),
	('130902','LA LIBERTAD','SANCHEZ CARRION','CHUGAY','CHUGAY',2,'SIERRA\r'),
	('130903','LA LIBERTAD','SANCHEZ CARRION','COCHORCO','ARICAPAMPA',2,'SIERRA\r'),
	('130904','LA LIBERTAD','SANCHEZ CARRION','CURGOS','CURGOS',2,'SIERRA\r'),
	('130905','LA LIBERTAD','SANCHEZ CARRION','MARCABAL','MARCABAL',2,'SIERRA\r'),
	('130906','LA LIBERTAD','SANCHEZ CARRION','SANAGORAN','SANAGORAN',2,'SIERRA\r'),
	('130907','LA LIBERTAD','SANCHEZ CARRION','SARIN','SARIN',2,'SIERRA\r'),
	('130908','LA LIBERTAD','SANCHEZ CARRION','SARTIMBAMBA','SARTIMBAMBA',2,'SIERRA\r'),
	('131001','LA LIBERTAD','SANTIAGO DE CHUCO','SANTIAGO DE CHUCO','SANTIAGO DE CHUCO',2,'SIERRA\r'),
	('131002','LA LIBERTAD','SANTIAGO DE CHUCO','ANGASMARCA','ANGASMARCA',2,'SIERRA\r'),
	('131003','LA LIBERTAD','SANTIAGO DE CHUCO','CACHICADAN','CACHICADAN',2,'SIERRA\r'),
	('131004','LA LIBERTAD','SANTIAGO DE CHUCO','MOLLEBAMBA','MOLLEBAMBA',2,'SIERRA\r'),
	('131005','LA LIBERTAD','SANTIAGO DE CHUCO','MOLLEPATA','MOLLEPATA',2,'SIERRA\r'),
	('131006','LA LIBERTAD','SANTIAGO DE CHUCO','QUIRUVILCA','QUIRUVILCA',2,'SIERRA\r'),
	('131007','LA LIBERTAD','SANTIAGO DE CHUCO','SANTA CRUZ DE CHUCA','SANTA CRUZ DE CHUCA',2,'SIERRA\r'),
	('131008','LA LIBERTAD','SANTIAGO DE CHUCO','SITABAMBA','SITABAMBA',2,'SIERRA\r'),
	('131101','LA LIBERTAD','GRAN CHIMU','CASCAS','CASCAS',1,'COSTA\r'),
	('131102','LA LIBERTAD','GRAN CHIMU','LUCMA','LUCMA',2,'SIERRA\r'),
	('131103','LA LIBERTAD','GRAN CHIMU','MARMOT','COMPIN /12',1,'COSTA\r'),
	('131104','LA LIBERTAD','GRAN CHIMU','SAYAPULLO','SAYAPULLO',2,'SIERRA\r'),
	('131201','LA LIBERTAD','VIRU','VIRU','VIRU',1,'COSTA\r'),
	('131202','LA LIBERTAD','VIRU','CHAO','CHAO',1,'COSTA\r'),
	('131203','LA LIBERTAD','VIRU','GUADALUPITO','GUADALUPITO',1,'COSTA\r'),
	('140101','LAMBAYEQUE','CHICLAYO','CHICLAYO','CHICLAYO',1,'COSTA\r'),
	('140102','LAMBAYEQUE','CHICLAYO','CHONGOYAPE','CHONGOYAPE',1,'COSTA\r'),
	('140103','LAMBAYEQUE','CHICLAYO','ETEN','ETEN',1,'COSTA\r'),
	('140104','LAMBAYEQUE','CHICLAYO','ETEN PUERTO','ETEN PUERTO',1,'COSTA\r'),
	('140105','LAMBAYEQUE','CHICLAYO','JOSE LEONARDO ORTIZ','JOSE LEONARDO ORTIZ',1,'COSTA\r'),
	('140106','LAMBAYEQUE','CHICLAYO','LA VICTORIA','LA VICTORIA',1,'COSTA\r'),
	('140107','LAMBAYEQUE','CHICLAYO','LAGUNAS','MOCUPE',1,'COSTA\r'),
	('140108','LAMBAYEQUE','CHICLAYO','MONSEFU','MONSEFU',1,'COSTA\r'),
	('140109','LAMBAYEQUE','CHICLAYO','NUEVA ARICA','NUEVA ARICA',1,'COSTA\r'),
	('140110','LAMBAYEQUE','CHICLAYO','OYOTUN','OYOTUN',1,'COSTA\r'),
	('140111','LAMBAYEQUE','CHICLAYO','PICSI','PICSI',1,'COSTA\r'),
	('140112','LAMBAYEQUE','CHICLAYO','PIMENTEL','PIMENTEL',1,'COSTA\r'),
	('140113','LAMBAYEQUE','CHICLAYO','REQUE','REQUE',1,'COSTA\r'),
	('140114','LAMBAYEQUE','CHICLAYO','SANTA ROSA','SANTA ROSA',1,'COSTA\r'),
	('140115','LAMBAYEQUE','CHICLAYO','SAÑA','SAÑA',1,'COSTA\r'),
	('140116','LAMBAYEQUE','CHICLAYO','CAYALTI','CAYALTI',1,'COSTA\r'),
	('140117','LAMBAYEQUE','CHICLAYO','PATAPO','PATAPO',1,'COSTA\r'),
	('140118','LAMBAYEQUE','CHICLAYO','POMALCA','POMALCA',1,'COSTA\r'),
	('140119','LAMBAYEQUE','CHICLAYO','PUCALA','PUCALA',1,'COSTA\r'),
	('140120','LAMBAYEQUE','CHICLAYO','TUMAN','TUMAN',1,'COSTA\r'),
	('140201','LAMBAYEQUE','FERREÑAFE','FERREÑAFE','FERREÑAFE',1,'COSTA\r'),
	('140202','LAMBAYEQUE','FERREÑAFE','CAÑARIS','CAÑARIS',2,'SIERRA\r'),
	('140203','LAMBAYEQUE','FERREÑAFE','INCAHUASI','INCAHUASI',2,'SIERRA\r'),
	('140204','LAMBAYEQUE','FERREÑAFE','MANUEL ANTONIO MESONES MURO','MANUEL ANTONIO MESONES MURO',1,'COSTA\r'),
	('140205','LAMBAYEQUE','FERREÑAFE','PITIPO','PITIPO',1,'COSTA\r'),
	('140206','LAMBAYEQUE','FERREÑAFE','PUEBLO NUEVO','PUEBLO NUEVO',1,'COSTA\r'),
	('140301','LAMBAYEQUE','LAMBAYEQUE','LAMBAYEQUE','LAMBAYEQUE',1,'COSTA\r'),
	('140302','LAMBAYEQUE','LAMBAYEQUE','CHOCHOPE','CHOCHOPE',1,'COSTA\r'),
	('140303','LAMBAYEQUE','LAMBAYEQUE','ILLIMO','ILLIMO',1,'COSTA\r'),
	('140304','LAMBAYEQUE','LAMBAYEQUE','JAYANCA','JAYANCA',1,'COSTA\r'),
	('140305','LAMBAYEQUE','LAMBAYEQUE','MOCHUMI','MOCHUMI',1,'COSTA\r'),
	('140306','LAMBAYEQUE','LAMBAYEQUE','MORROPE','MORROPE',1,'COSTA\r'),
	('140307','LAMBAYEQUE','LAMBAYEQUE','MOTUPE','MOTUPE',1,'COSTA\r'),
	('140308','LAMBAYEQUE','LAMBAYEQUE','OLMOS','OLMOS',1,'COSTA\r'),
	('140309','LAMBAYEQUE','LAMBAYEQUE','PACORA','PACORA',1,'COSTA\r'),
	('140310','LAMBAYEQUE','LAMBAYEQUE','SALAS','SALAS',1,'COSTA\r'),
	('140311','LAMBAYEQUE','LAMBAYEQUE','SAN JOSE','SAN JOSE',1,'COSTA\r'),
	('140312','LAMBAYEQUE','LAMBAYEQUE','TUCUME','TUCUME',1,'COSTA\r'),
	('150101','LIMA','LIMA','LIMA','LIMA',1,'COSTA\r'),
	('150102','LIMA','LIMA','ANCON','ANCON',1,'COSTA\r'),
	('150103','LIMA','LIMA','ATE','VITARTE',1,'COSTA\r'),
	('150104','LIMA','LIMA','BARRANCO','BARRANCO',1,'COSTA\r'),
	('150105','LIMA','LIMA','BREÑA','BREÑA',1,'COSTA\r'),
	('150106','LIMA','LIMA','CARABAYLLO','CARABAYLLO',1,'COSTA\r'),
	('150107','LIMA','LIMA','CHACLACAYO','CHACLACAYO',1,'COSTA\r'),
	('150108','LIMA','LIMA','CHORRILLOS','CHORRILLOS',1,'COSTA\r'),
	('150109','LIMA','LIMA','CIENEGUILLA','CIENEGUILLA',1,'COSTA\r'),
	('150110','LIMA','LIMA','COMAS','LA LIBERTAD',1,'COSTA\r'),
	('150111','LIMA','LIMA','EL AGUSTINO','EL AGUSTINO',1,'COSTA\r'),
	('150112','LIMA','LIMA','INDEPENDENCIA','INDEPENDENCIA',1,'COSTA\r'),
	('150113','LIMA','LIMA','JESUS MARIA','JESUS MARIA',1,'COSTA\r'),
	('150114','LIMA','LIMA','LA MOLINA','LA MOLINA',1,'COSTA\r'),
	('150115','LIMA','LIMA','LA VICTORIA','LA VICTORIA',1,'COSTA\r'),
	('150116','LIMA','LIMA','LINCE','LINCE',1,'COSTA\r'),
	('150117','LIMA','LIMA','LOS OLIVOS','LAS PALMERAS',1,'COSTA\r'),
	('150118','LIMA','LIMA','LURIGANCHO','CHOSICA',1,'COSTA\r'),
	('150119','LIMA','LIMA','LURIN','LURIN',1,'COSTA\r'),
	('150120','LIMA','LIMA','MAGDALENA DEL MAR','MAGDALENA DEL MAR',1,'COSTA\r'),
	('150121','LIMA','LIMA','PUEBLO LIBRE','PUEBLO LIBRE',1,'COSTA\r'),
	('150122','LIMA','LIMA','MIRAFLORES','MIRAFLORES',1,'COSTA\r'),
	('150123','LIMA','LIMA','PACHACAMAC','PACHACAMAC',1,'COSTA\r'),
	('150124','LIMA','LIMA','PUCUSANA','PUCUSANA',1,'COSTA\r'),
	('150125','LIMA','LIMA','PUENTE PIEDRA','PUENTE PIEDRA',1,'COSTA\r'),
	('150126','LIMA','LIMA','PUNTA HERMOSA','PUNTA HERMOSA',1,'COSTA\r'),
	('150127','LIMA','LIMA','PUNTA NEGRA','PUNTA NEGRA',1,'COSTA\r'),
	('150128','LIMA','LIMA','RIMAC','RIMAC',1,'COSTA\r'),
	('150129','LIMA','LIMA','SAN BARTOLO','SAN BARTOLO',1,'COSTA\r'),
	('150130','LIMA','LIMA','SAN BORJA','SAN FRANCISCO DE BORJA',1,'COSTA\r'),
	('150131','LIMA','LIMA','SAN ISIDRO','SAN ISIDRO',1,'COSTA\r'),
	('150132','LIMA','LIMA','SAN JUAN DE LURIGANCHO','SAN JUAN DE LURIGANCHO',1,'COSTA\r'),
	('150133','LIMA','LIMA','SAN JUAN DE MIRAFLORES','CIUDAD DE DIOS',1,'COSTA\r'),
	('150134','LIMA','LIMA','SAN LUIS','SAN LUIS',1,'COSTA\r'),
	('150135','LIMA','LIMA','SAN MARTIN DE PORRES','BARRIO OBRERO INDUSTRIAL',1,'COSTA\r'),
	('150136','LIMA','LIMA','SAN MIGUEL','SAN MIGUEL',1,'COSTA\r'),
	('150137','LIMA','LIMA','SANTA ANITA','SANTA ANITA - LOS FICUS',1,'COSTA\r'),
	('150138','LIMA','LIMA','SANTA MARIA DEL MAR','SANTA MARIA DEL MAR',1,'COSTA\r'),
	('150139','LIMA','LIMA','SANTA ROSA','SANTA ROSA',1,'COSTA\r'),
	('150140','LIMA','LIMA','SANTIAGO DE SURCO','SANTIAGO DE SURCO',1,'COSTA\r'),
	('150141','LIMA','LIMA','SURQUILLO','SURQUILLO',1,'COSTA\r'),
	('150142','LIMA','LIMA','VILLA EL SALVADOR','VILLA EL SALVADOR',1,'COSTA\r'),
	('150143','LIMA','LIMA','VILLA MARIA DEL TRIUNFO','VILLA MARIA DEL TRIUNFO',1,'COSTA\r'),
	('150201','LIMA','BARRANCA','BARRANCA','BARRANCA',1,'COSTA\r'),
	('150202','LIMA','BARRANCA','PARAMONGA','PARAMONGA',1,'COSTA\r'),
	('150203','LIMA','BARRANCA','PATIVILCA','PATIVILCA',1,'COSTA\r'),
	('150204','LIMA','BARRANCA','SUPE','SUPE',1,'COSTA\r'),
	('150205','LIMA','BARRANCA','SUPE PUERTO','SUPE PUERTO',1,'COSTA\r'),
	('150301','LIMA','CAJATAMBO','CAJATAMBO','CAJATAMBO',2,'SIERRA\r'),
	('150302','LIMA','CAJATAMBO','COPA','COPA',2,'SIERRA\r'),
	('150303','LIMA','CAJATAMBO','GORGOR','GORGOR',2,'SIERRA\r'),
	('150304','LIMA','CAJATAMBO','HUANCAPON','HUANCAPON',2,'SIERRA\r'),
	('150305','LIMA','CAJATAMBO','MANAS','MANAS',2,'SIERRA\r'),
	('150401','LIMA','CANTA','CANTA','CANTA',2,'SIERRA\r'),
	('150402','LIMA','CANTA','ARAHUAY','ARAHUAY',2,'SIERRA\r'),
	('150403','LIMA','CANTA','HUAMANTANGA','HUAMANTANGA',2,'SIERRA\r'),
	('150404','LIMA','CANTA','HUAROS','HUAROS',2,'SIERRA\r'),
	('150405','LIMA','CANTA','LACHAQUI','LACHAQUI',2,'SIERRA\r'),
	('150406','LIMA','CANTA','SAN BUENAVENTURA','SAN BUENAVENTURA',2,'SIERRA\r'),
	('150407','LIMA','CANTA','SANTA ROSA DE QUIVES','YANGAS',1,'COSTA\r'),
	('150501','LIMA','CAÑETE','SAN VICENTE DE CAÑETE','SAN VICENTE DE CAÑETE',1,'COSTA\r'),
	('150502','LIMA','CAÑETE','ASIA','ASIA',1,'COSTA\r'),
	('150503','LIMA','CAÑETE','CALANGO','CALANGO',1,'COSTA\r'),
	('150504','LIMA','CAÑETE','CERRO AZUL','CERRO AZUL',1,'COSTA\r'),
	('150505','LIMA','CAÑETE','CHILCA','CHILCA',1,'COSTA\r'),
	('150506','LIMA','CAÑETE','COAYLLO','COAYLLO',1,'COSTA\r'),
	('150507','LIMA','CAÑETE','IMPERIAL','IMPERIAL',1,'COSTA\r'),
	('150508','LIMA','CAÑETE','LUNAHUANA','LUNAHUANA',1,'COSTA\r'),
	('150509','LIMA','CAÑETE','MALA','MALA',1,'COSTA\r'),
	('150510','LIMA','CAÑETE','NUEVO IMPERIAL','NUEVO IMPERIAL',1,'COSTA\r'),
	('150511','LIMA','CAÑETE','PACARAN','PACARAN',1,'COSTA\r'),
	('150512','LIMA','CAÑETE','QUILMANA','QUILMANA',1,'COSTA\r'),
	('150513','LIMA','CAÑETE','SAN ANTONIO','SAN ANTONIO',1,'COSTA\r'),
	('150514','LIMA','CAÑETE','SAN LUIS','SAN LUIS',1,'COSTA\r'),
	('150515','LIMA','CAÑETE','SANTA CRUZ DE FLORES','SANTA CRUZ DE FLORES',1,'COSTA\r'),
	('150516','LIMA','CAÑETE','ZUÑIGA','ZUÑIGA',1,'COSTA\r'),
	('150601','LIMA','HUARAL','HUARAL','HUARAL',1,'COSTA\r'),
	('150602','LIMA','HUARAL','ATAVILLOS ALTO','PIRCA',2,'SIERRA\r'),
	('150603','LIMA','HUARAL','ATAVILLOS BAJO','SAN AGUSTIN DE HUAYOPAMPA',1,'COSTA\r'),
	('150604','LIMA','HUARAL','AUCALLAMA','AUCALLAMA',1,'COSTA\r'),
	('150605','LIMA','HUARAL','CHANCAY','CHANCAY',1,'COSTA\r'),
	('150606','LIMA','HUARAL','IHUARI','IHUARI',2,'SIERRA\r'),
	('150607','LIMA','HUARAL','LAMPIAN','LAMPIAN',2,'SIERRA\r'),
	('150608','LIMA','HUARAL','PACARAOS','PACARAOS',2,'SIERRA\r'),
	('150609','LIMA','HUARAL','SAN MIGUEL DE ACOS','ACOS',1,'COSTA\r'),
	('150610','LIMA','HUARAL','SANTA CRUZ DE ANDAMARCA','SANTA CRUZ DE ANDAMARCA',2,'SIERRA\r'),
	('150611','LIMA','HUARAL','SUMBILCA','SUMBILCA',2,'SIERRA\r'),
	('150612','LIMA','HUARAL','VEINTISIETE DE NOVIEMBRE','CARAC',2,'SIERRA\r'),
	('150701','LIMA','HUAROCHIRI','MATUCANA','MATUCANA',2,'SIERRA\r'),
	('150702','LIMA','HUAROCHIRI','ANTIOQUIA','ANTIOQUIA',1,'COSTA\r'),
	('150703','LIMA','HUAROCHIRI','CALLAHUANCA','CALLAHUANCA',1,'COSTA\r'),
	('150704','LIMA','HUAROCHIRI','CARAMPOMA','CARAMPOMA',2,'SIERRA\r'),
	('150705','LIMA','HUAROCHIRI','CHICLA','CHICLA',2,'SIERRA\r'),
	('150706','LIMA','HUAROCHIRI','CUENCA','SAN JOSE DE LOS CHORRILLOS',2,'SIERRA\r'),
	('150707','LIMA','HUAROCHIRI','HUACHUPAMPA','SAN LORENZO DE HUACHUPAMPA',2,'SIERRA\r'),
	('150708','LIMA','HUAROCHIRI','HUANZA','HUANZA',2,'SIERRA\r'),
	('150709','LIMA','HUAROCHIRI','HUAROCHIRI','HUAROCHIRI',2,'SIERRA\r'),
	('150710','LIMA','HUAROCHIRI','LAHUAYTAMBO','LAHUAYTAMBO',2,'SIERRA\r'),
	('150711','LIMA','HUAROCHIRI','LANGA','LANGA',2,'SIERRA\r'),
	('150712','LIMA','HUAROCHIRI','SAN PEDRO DE LARAOS','LARAOS',2,'SIERRA\r'),
	('150713','LIMA','HUAROCHIRI','MARIATANA','MARIATANA',2,'SIERRA\r'),
	('150714','LIMA','HUAROCHIRI','RICARDO PALMA','RICARDO PALMA',1,'COSTA\r'),
	('150715','LIMA','HUAROCHIRI','SAN ANDRES DE TUPICOCHA','SAN ANDRES DE TUPICOCHA',2,'SIERRA\r'),
	('150716','LIMA','HUAROCHIRI','SAN ANTONIO','CHACLLA',2,'SIERRA\r'),
	('150717','LIMA','HUAROCHIRI','SAN BARTOLOME','SAN BARTOLOME',1,'COSTA\r'),
	('150718','LIMA','HUAROCHIRI','SAN DAMIAN','SAN DAMIAN',2,'SIERRA\r'),
	('150719','LIMA','HUAROCHIRI','SAN JUAN DE IRIS','SAN JUAN DE IRIS',2,'SIERRA\r'),
	('150720','LIMA','HUAROCHIRI','SAN JUAN DE TANTARANCHE','SAN JUAN DE TANTARANCHE',2,'SIERRA\r'),
	('150721','LIMA','HUAROCHIRI','SAN LORENZO DE QUINTI','SAN LORENZO DE QUINTI',2,'SIERRA\r'),
	('150722','LIMA','HUAROCHIRI','SAN MATEO','SAN MATEO',2,'SIERRA\r'),
	('150723','LIMA','HUAROCHIRI','SAN MATEO DE OTAO','SAN JUAN DE LANCA',2,'SIERRA\r'),
	('150724','LIMA','HUAROCHIRI','SAN PEDRO DE CASTA','SAN PEDRO DE CASTA',2,'SIERRA\r'),
	('150725','LIMA','HUAROCHIRI','SAN PEDRO DE HUANCAYRE','SAN PEDRO',2,'SIERRA\r'),
	('150726','LIMA','HUAROCHIRI','SANGALLAYA','SANGALLAYA',2,'SIERRA\r'),
	('150727','LIMA','HUAROCHIRI','SANTA CRUZ DE COCACHACRA','COCACHACRA',1,'COSTA\r'),
	('150728','LIMA','HUAROCHIRI','SANTA EULALIA','SANTA EULALIA',1,'COSTA\r'),
	('150729','LIMA','HUAROCHIRI','SANTIAGO DE ANCHUCAYA','SANTIAGO DE ANCHUCAYA',2,'SIERRA\r'),
	('150730','LIMA','HUAROCHIRI','SANTIAGO DE TUNA','SANTIAGO DE TUNA',2,'SIERRA\r'),
	('150731','LIMA','HUAROCHIRI','SANTO DOMINGO DE LOS OLLEROS','SANTO DOMINGO DE LOS OLLEROS',2,'SIERRA\r'),
	('150732','LIMA','HUAROCHIRI','SURCO','SURCO',2,'SIERRA\r'),
	('150801','LIMA','HUAURA','HUACHO','HUACHO',1,'COSTA\r'),
	('150802','LIMA','HUAURA','AMBAR','AMBAR',2,'SIERRA\r'),
	('150803','LIMA','HUAURA','CALETA DE CARQUIN','CALETA DE CARQUIN',1,'COSTA\r'),
	('150804','LIMA','HUAURA','CHECRAS','MARAY',2,'SIERRA\r'),
	('150805','LIMA','HUAURA','HUALMAY','HUALMAY',1,'COSTA\r'),
	('150806','LIMA','HUAURA','HUAURA','HUAURA',1,'COSTA\r'),
	('150807','LIMA','HUAURA','LEONCIO PRADO','SANTA CRUZ',2,'SIERRA\r'),
	('150808','LIMA','HUAURA','PACCHO','PACCHO',2,'SIERRA\r'),
	('150809','LIMA','HUAURA','SANTA LEONOR','JUCUL',2,'SIERRA\r'),
	('150810','LIMA','HUAURA','SANTA MARIA','CRUZ BLANCA',1,'COSTA\r'),
	('150811','LIMA','HUAURA','SAYAN','SAYAN',1,'COSTA\r'),
	('150812','LIMA','HUAURA','VEGUETA','VEGUETA',1,'COSTA\r'),
	('150901','LIMA','OYON','OYON','OYON',2,'SIERRA\r'),
	('150902','LIMA','OYON','ANDAJES','ANDAJES',2,'SIERRA\r'),
	('150903','LIMA','OYON','CAUJUL','CAUJUL',2,'SIERRA\r'),
	('150904','LIMA','OYON','COCHAMARCA','COCHAMARCA',2,'SIERRA\r'),
	('150905','LIMA','OYON','NAVAN','NAVAN',2,'SIERRA\r'),
	('150906','LIMA','OYON','PACHANGARA','CHURIN',2,'SIERRA\r'),
	('151001','LIMA','YAUYOS','YAUYOS','YAUYOS',2,'SIERRA\r'),
	('151002','LIMA','YAUYOS','ALIS','ALIS',2,'SIERRA\r'),
	('151003','LIMA','YAUYOS','ALLAUCA','ALLAUCA',2,'SIERRA\r'),
	('151004','LIMA','YAUYOS','AYAVIRI','AYAVIRI',2,'SIERRA\r'),
	('151005','LIMA','YAUYOS','AZANGARO','AZANGARO',2,'SIERRA\r'),
	('151006','LIMA','YAUYOS','CACRA','CACRA',2,'SIERRA\r'),
	('151007','LIMA','YAUYOS','CARANIA','CARANIA',2,'SIERRA\r'),
	('151008','LIMA','YAUYOS','CATAHUASI','CATAHUASI',1,'COSTA\r'),
	('151009','LIMA','YAUYOS','CHOCOS','CHOCOS',2,'SIERRA\r'),
	('151010','LIMA','YAUYOS','COCHAS','COCHAS',2,'SIERRA\r'),
	('151011','LIMA','YAUYOS','COLONIA','COLONIA',2,'SIERRA\r'),
	('151012','LIMA','YAUYOS','HONGOS','HONGOS',2,'SIERRA\r'),
	('151013','LIMA','YAUYOS','HUAMPARA','HUAMPARA',2,'SIERRA\r'),
	('151014','LIMA','YAUYOS','HUANCAYA','HUANCAYA',2,'SIERRA\r'),
	('151015','LIMA','YAUYOS','HUANGASCAR','HUANGASCAR',2,'SIERRA\r'),
	('151016','LIMA','YAUYOS','HUANTAN','HUANTAN',2,'SIERRA\r'),
	('151017','LIMA','YAUYOS','HUAÑEC','HUAÑEC',2,'SIERRA\r'),
	('151018','LIMA','YAUYOS','LARAOS','LARAOS',2,'SIERRA\r'),
	('151019','LIMA','YAUYOS','LINCHA','LINCHA',2,'SIERRA\r'),
	('151020','LIMA','YAUYOS','MADEAN','MADEAN',2,'SIERRA\r'),
	('151021','LIMA','YAUYOS','MIRAFLORES','MIRAFLORES',2,'SIERRA\r'),
	('151022','LIMA','YAUYOS','OMAS','OMAS',1,'COSTA\r'),
	('151023','LIMA','YAUYOS','PUTINZA','SAN LORENZO DE PUTINZA',1,'COSTA\r'),
	('151024','LIMA','YAUYOS','QUINCHES','QUINCHES',2,'SIERRA\r'),
	('151025','LIMA','YAUYOS','QUINOCAY','QUINOCAY',2,'SIERRA\r'),
	('151026','LIMA','YAUYOS','SAN JOAQUIN','SAN JOAQUIN',2,'SIERRA\r'),
	('151027','LIMA','YAUYOS','SAN PEDRO DE PILAS','SAN PEDRO DE PILAS',2,'SIERRA\r'),
	('151028','LIMA','YAUYOS','TANTA','TANTA',2,'SIERRA\r'),
	('151029','LIMA','YAUYOS','TAURIPAMPA','TAURIPAMPA',2,'SIERRA\r'),
	('151030','LIMA','YAUYOS','TOMAS','TOMAS',2,'SIERRA\r'),
	('151031','LIMA','YAUYOS','TUPE','TUPE',2,'SIERRA\r'),
	('151032','LIMA','YAUYOS','VIÑAC','VIÑAC',2,'SIERRA\r'),
	('151033','LIMA','YAUYOS','VITIS','VITIS',2,'SIERRA\r'),
	('160101','LORETO','MAYNAS','IQUITOS','IQUITOS',4,'SELVA BAJA\r'),
	('160102','LORETO','MAYNAS','ALTO NANAY','SANTA MARIA DE NANAY',4,'SELVA BAJA\r'),
	('160103','LORETO','MAYNAS','FERNANDO LORES','TAMSHIYACU',4,'SELVA BAJA\r'),
	('160104','LORETO','MAYNAS','INDIANA','INDIANA',4,'SELVA BAJA\r'),
	('160105','LORETO','MAYNAS','LAS AMAZONAS','FRANCISCO DE ORELLANA',4,'SELVA BAJA\r'),
	('160106','LORETO','MAYNAS','MAZAN','MAZAN',4,'SELVA BAJA\r'),
	('160107','LORETO','MAYNAS','NAPO','SANTA CLOTILDE',4,'SELVA BAJA\r'),
	('160108','LORETO','MAYNAS','PUNCHANA','PUNCHANA',4,'SELVA BAJA\r'),
	('160110','LORETO','MAYNAS','TORRES CAUSANA','PANTOJA',4,'SELVA BAJA\r'),
	('160112','LORETO','MAYNAS','BELEN','BELEN',4,'SELVA BAJA\r'),
	('160113','LORETO','MAYNAS','SAN JUAN BAUTISTA','SAN JUAN',4,'SELVA BAJA\r'),
	('160201','LORETO','ALTO AMAZONAS','YURIMAGUAS','YURIMAGUAS',4,'SELVA BAJA\r'),
	('160202','LORETO','ALTO AMAZONAS','BALSAPUERTO','BALSAPUERTO',4,'SELVA BAJA\r'),
	('160205','LORETO','ALTO AMAZONAS','JEBEROS','JEBEROS',4,'SELVA BAJA\r'),
	('160206','LORETO','ALTO AMAZONAS','LAGUNAS','LAGUNAS',4,'SELVA BAJA\r'),
	('160210','LORETO','ALTO AMAZONAS','SANTA CRUZ','SANTA CRUZ',4,'SELVA BAJA\r'),
	('160211','LORETO','ALTO AMAZONAS','TENIENTE CESAR LOPEZ ROJAS','SHUCUSHUYACU',4,'SELVA BAJA\r'),
	('160301','LORETO','LORETO','NAUTA','NAUTA',4,'SELVA BAJA\r'),
	('160302','LORETO','LORETO','PARINARI','PARINARI',4,'SELVA BAJA\r'),
	('160303','LORETO','LORETO','TIGRE','INTUTU',4,'SELVA BAJA\r'),
	('160304','LORETO','LORETO','TROMPETEROS','VILLA TROMPETEROS',4,'SELVA BAJA\r'),
	('160305','LORETO','LORETO','URARINAS','CONCORDIA',4,'SELVA BAJA\r'),
	('160401','LORETO','MARISCAL RAMON CASTILLA','RAMON CASTILLA','CABALLOCOCHA',4,'SELVA BAJA\r'),
	('160402','LORETO','MARISCAL RAMON CASTILLA','PEBAS','PEBAS',4,'SELVA BAJA\r'),
	('160403','LORETO','MARISCAL RAMON CASTILLA','YAVARI','ISLANDIA /13',4,'SELVA BAJA\r'),
	('160404','LORETO','MARISCAL RAMON CASTILLA','SAN PABLO','SAN PABLO DE LORETO',4,'SELVA BAJA\r'),
	('160501','LORETO','REQUENA','REQUENA','REQUENA',4,'SELVA BAJA\r'),
	('160502','LORETO','REQUENA','ALTO TAPICHE','SANTA ELENA',4,'SELVA BAJA\r'),
	('160503','LORETO','REQUENA','CAPELO','FLOR DE PUNGA',4,'SELVA BAJA\r'),
	('160504','LORETO','REQUENA','EMILIO SAN MARTIN','TAMANCO',4,'SELVA BAJA\r'),
	('160505','LORETO','REQUENA','MAQUIA','SANTA ISABEL',4,'SELVA BAJA\r'),
	('160506','LORETO','REQUENA','PUINAHUA','BRETAÑA',4,'SELVA BAJA\r'),
	('160507','LORETO','REQUENA','SAQUENA','BAGAZAN',4,'SELVA BAJA\r'),
	('160508','LORETO','REQUENA','SOPLIN','NUEVA ALEJANDRIA (CURINGA)',4,'SELVA BAJA\r'),
	('160509','LORETO','REQUENA','TAPICHE','IBERIA',4,'SELVA BAJA\r'),
	('160510','LORETO','REQUENA','JENARO HERRERA','JENARO HERRERA',4,'SELVA BAJA\r'),
	('160511','LORETO','REQUENA','YAQUERANA','ANGAMOS',4,'SELVA BAJA\r'),
	('160601','LORETO','UCAYALI','CONTAMANA','CONTAMANA',4,'SELVA BAJA\r'),
	('160602','LORETO','UCAYALI','INAHUAYA','INAHUAYA',4,'SELVA BAJA\r'),
	('160603','LORETO','UCAYALI','PADRE MARQUEZ','TIRUNTAN',4,'SELVA BAJA\r'),
	('160604','LORETO','UCAYALI','PAMPA HERMOSA','PAMPA HERMOSA',4,'SELVA BAJA\r'),
	('160605','LORETO','UCAYALI','SARAYACU','DOS DE MAYO',4,'SELVA BAJA\r'),
	('160606','LORETO','UCAYALI','VARGAS GUERRA','ORELLANA',4,'SELVA BAJA\r'),
	('160701','LORETO','DATEM DEL MARAÑON','BARRANCA','SAN LORENZO',4,'SELVA BAJA\r'),
	('160702','LORETO','DATEM DEL MARAÑON','CAHUAPANAS','SANTA MARIA DE CAHUAPANAS',4,'SELVA BAJA\r'),
	('160703','LORETO','DATEM DEL MARAÑON','MANSERICHE','SARAMIRIZA',4,'SELVA BAJA\r'),
	('160704','LORETO','DATEM DEL MARAÑON','MORONA','PUERTO ALEGRIA',4,'SELVA BAJA\r'),
	('160705','LORETO','DATEM DEL MARAÑON','PASTAZA','ULLPAYACU',4,'SELVA BAJA\r'),
	('160706','LORETO','DATEM DEL MARAÑON','ANDOAS','ALIANZA CRISTIANA',4,'SELVA BAJA\r'),
	('160801','LORETO','PUTUMAYO','PUTUMAYO','SAN ANTONIO DEL ESTRECHO',4,'SELVA BAJA\r'),
	('160802','LORETO','PUTUMAYO','ROSA PANDURO','SANTA MERCEDES',4,'SELVA BAJA\r'),
	('160803','LORETO','PUTUMAYO','TENIENTE MANUEL CLAVERO','SOPLIN VARGAS',4,'SELVA BAJA\r'),
	('160804','LORETO','PUTUMAYO','YAGUAS','REMANSO',4,'SELVA BAJA\r'),
	('170101','MADRE DE DIOS','TAMBOPATA','TAMBOPATA','PUERTO MALDONADO',4,'SELVA BAJA\r'),
	('170102','MADRE DE DIOS','TAMBOPATA','INAMBARI','MAZUKO',4,'SELVA BAJA\r'),
	('170103','MADRE DE DIOS','TAMBOPATA','LAS PIEDRAS','LAS PIEDRAS (PLANCHON)',4,'SELVA BAJA\r'),
	('170104','MADRE DE DIOS','TAMBOPATA','LABERINTO','PUERTO ROSARIO DE LABERINTO',4,'SELVA BAJA\r'),
	('170201','MADRE DE DIOS','MANU','MANU','SALVACION',3,'SELVA ALTA\r'),
	('170202','MADRE DE DIOS','MANU','FITZCARRALD','BOCA MANU',4,'SELVA BAJA\r'),
	('170203','MADRE DE DIOS','MANU','MADRE DE DIOS','BOCA COLORADO',4,'SELVA BAJA\r'),
	('170204','MADRE DE DIOS','MANU','HUEPETUHE','HUEPETUHE',4,'SELVA BAJA\r'),
	('170301','MADRE DE DIOS','TAHUAMANU','IÑAPARI','IÑAPARI',4,'SELVA BAJA\r'),
	('170302','MADRE DE DIOS','TAHUAMANU','IBERIA','IBERIA',4,'SELVA BAJA\r'),
	('170303','MADRE DE DIOS','TAHUAMANU','TAHUAMANU','SAN LORENZO',4,'SELVA BAJA\r'),
	('180101','MOQUEGUA','MARISCAL NIETO','MOQUEGUA','MOQUEGUA',1,'COSTA\r'),
	('180102','MOQUEGUA','MARISCAL NIETO','CARUMAS','CARUMAS',2,'SIERRA\r'),
	('180103','MOQUEGUA','MARISCAL NIETO','CUCHUMBAYA','CUCHUMBAYA',2,'SIERRA\r'),
	('180104','MOQUEGUA','MARISCAL NIETO','SAMEGUA','SAMEGUA',1,'COSTA\r'),
	('180105','MOQUEGUA','MARISCAL NIETO','SAN CRISTOBAL','CALACOA',2,'SIERRA\r'),
	('180106','MOQUEGUA','MARISCAL NIETO','TORATA','TORATA',2,'SIERRA\r'),
	('180107','MOQUEGUA','MARISCAL NIETO','SAN ANTONIO','SAN ANTONIO',1,'COSTA\r'),
	('180201','MOQUEGUA','GENERAL SANCHEZ CERRO','OMATE','OMATE',2,'SIERRA\r'),
	('180202','MOQUEGUA','GENERAL SANCHEZ CERRO','CHOJATA','CHOJATA',2,'SIERRA\r'),
	('180203','MOQUEGUA','GENERAL SANCHEZ CERRO','COALAQUE','COALAQUE',2,'SIERRA\r'),
	('180204','MOQUEGUA','GENERAL SANCHEZ CERRO','ICHUÑA','ICHUÑA',2,'SIERRA\r'),
	('180205','MOQUEGUA','GENERAL SANCHEZ CERRO','LA CAPILLA','LA CAPILLA',1,'COSTA\r'),
	('180206','MOQUEGUA','GENERAL SANCHEZ CERRO','LLOQUE','LLOQUE',2,'SIERRA\r'),
	('180207','MOQUEGUA','GENERAL SANCHEZ CERRO','MATALAQUE','MATALAQUE',2,'SIERRA\r'),
	('180208','MOQUEGUA','GENERAL SANCHEZ CERRO','PUQUINA','PUQUINA',2,'SIERRA\r'),
	('180209','MOQUEGUA','GENERAL SANCHEZ CERRO','QUINISTAQUILLAS','QUINISTAQUILLAS',1,'COSTA\r'),
	('180210','MOQUEGUA','GENERAL SANCHEZ CERRO','UBINAS','UBINAS',2,'SIERRA\r'),
	('180211','MOQUEGUA','GENERAL SANCHEZ CERRO','YUNGA','YUNGA',2,'SIERRA\r'),
	('180301','MOQUEGUA','ILO','ILO','ILO',1,'COSTA\r'),
	('180302','MOQUEGUA','ILO','EL ALGARROBAL','EL ALGARROBAL',1,'COSTA\r'),
	('180303','MOQUEGUA','ILO','PACOCHA','PUEBLO NUEVO',1,'COSTA\r'),
	('190101','PASCO','PASCO','CHAUPIMARCA','CERRO DE PASCO',2,'SIERRA\r'),
	('190102','PASCO','PASCO','HUACHON','HUACHON',2,'SIERRA\r'),
	('190103','PASCO','PASCO','HUARIACA','HUARIACA',2,'SIERRA\r'),
	('190104','PASCO','PASCO','HUAYLLAY','HUAYLLAY',2,'SIERRA\r'),
	('190105','PASCO','PASCO','NINACACA','NINACACA',2,'SIERRA\r'),
	('190106','PASCO','PASCO','PALLANCHACRA','PALLANCHACRA',2,'SIERRA\r'),
	('190107','PASCO','PASCO','PAUCARTAMBO','PAUCARTAMBO',2,'SIERRA\r'),
	('190108','PASCO','PASCO','SAN FRANCISCO DE ASIS DE YARUSYACAN','YARUSYACAN',2,'SIERRA\r'),
	('190109','PASCO','PASCO','SIMON BOLIVAR','SAN ANTONIO DE RANCAS',2,'SIERRA\r'),
	('190110','PASCO','PASCO','TICLACAYAN','TICLACAYAN',2,'SIERRA\r'),
	('190111','PASCO','PASCO','TINYAHUARCO','TINYAHUARCO (SMELTER)',2,'SIERRA\r'),
	('190112','PASCO','PASCO','VICCO','VICCO',2,'SIERRA\r'),
	('190113','PASCO','PASCO','YANACANCHA','YANACANCHA',2,'SIERRA\r'),
	('190201','PASCO','DANIEL ALCIDES CARRION','YANAHUANCA','YANAHUANCA',2,'SIERRA\r'),
	('190202','PASCO','DANIEL ALCIDES CARRION','CHACAYAN','CHACAYAN',2,'SIERRA\r'),
	('190203','PASCO','DANIEL ALCIDES CARRION','GOYLLARISQUIZGA','GOYLLARISQUIZGA',2,'SIERRA\r'),
	('190204','PASCO','DANIEL ALCIDES CARRION','PAUCAR','PAUCAR',2,'SIERRA\r'),
	('190205','PASCO','DANIEL ALCIDES CARRION','SAN PEDRO DE PILLAO','SAN PEDRO DE PILLAO',2,'SIERRA\r'),
	('190206','PASCO','DANIEL ALCIDES CARRION','SANTA ANA DE TUSI','SANTA ANA DE TUSI',2,'SIERRA\r'),
	('190207','PASCO','DANIEL ALCIDES CARRION','TAPUC','TAPUC',2,'SIERRA\r'),
	('190208','PASCO','DANIEL ALCIDES CARRION','VILCABAMBA','VILCABAMBA',2,'SIERRA\r'),
	('190301','PASCO','OXAPAMPA','OXAPAMPA','OXAPAMPA',3,'SELVA ALTA\r'),
	('190302','PASCO','OXAPAMPA','CHONTABAMBA','CHONTABAMBA',3,'SELVA ALTA\r'),
	('190303','PASCO','OXAPAMPA','HUANCABAMBA','HUANCABAMBA',3,'SELVA ALTA\r'),
	('190304','PASCO','OXAPAMPA','PALCAZU','ISCOZACIN',4,'SELVA BAJA\r'),
	('190305','PASCO','OXAPAMPA','POZUZO','POZUZO',3,'SELVA ALTA\r'),
	('190306','PASCO','OXAPAMPA','PUERTO BERMUDEZ','PUERTO BERMUDEZ',4,'SELVA BAJA\r'),
	('190307','PASCO','OXAPAMPA','VILLA RICA','VILLA RICA',3,'SELVA ALTA\r'),
	('190308','PASCO','OXAPAMPA','CONSTITUCION','CONSTITUCIÓN',4,'SELVA BAJA\r'),
	('200101','PIURA','PIURA','PIURA','PIURA',1,'COSTA\r'),
	('200104','PIURA','PIURA','CASTILLA','CASTILLA',1,'COSTA\r'),
	('200105','PIURA','PIURA','CATACAOS','CATACAOS',1,'COSTA\r'),
	('200107','PIURA','PIURA','CURA MORI','CUCUNGARA',1,'COSTA\r'),
	('200108','PIURA','PIURA','EL TALLAN','SINCHAO',1,'COSTA\r'),
	('200109','PIURA','PIURA','LA ARENA','LA ARENA',1,'COSTA\r'),
	('200110','PIURA','PIURA','LA UNION','LA UNION',1,'COSTA\r'),
	('200111','PIURA','PIURA','LAS LOMAS','LAS LOMAS',1,'COSTA\r'),
	('200114','PIURA','PIURA','TAMBO GRANDE','TAMBO GRANDE',1,'COSTA\r'),
	('200115','PIURA','PIURA','VEINTISEIS DE OCTUBRE','SAN MARTIN',1,'COSTA\r'),
	('200201','PIURA','AYABACA','AYABACA','AYABACA',2,'SIERRA\r'),
	('200202','PIURA','AYABACA','FRIAS','FRIAS',1,'COSTA\r'),
	('200203','PIURA','AYABACA','JILILI','JILILI',1,'COSTA\r'),
	('200204','PIURA','AYABACA','LAGUNAS','LAGUNAS',2,'SIERRA\r'),
	('200205','PIURA','AYABACA','MONTERO','MONTERO',1,'COSTA\r'),
	('200206','PIURA','AYABACA','PACAIPAMPA','PACAIPAMPA',1,'COSTA\r'),
	('200207','PIURA','AYABACA','PAIMAS','PAIMAS',1,'COSTA\r'),
	('200208','PIURA','AYABACA','SAPILLICA','SAPILLICA',1,'COSTA\r'),
	('200209','PIURA','AYABACA','SICCHEZ','SICCHEZ',1,'COSTA\r'),
	('200210','PIURA','AYABACA','SUYO','SUYO',1,'COSTA\r'),
	('200301','PIURA','HUANCABAMBA','HUANCABAMBA','HUANCABAMBA',3,'SELVA ALTA\r'),
	('200302','PIURA','HUANCABAMBA','CANCHAQUE','CANCHAQUE',1,'COSTA\r'),
	('200303','PIURA','HUANCABAMBA','EL CARMEN DE LA FRONTERA','SAPALACHE',2,'SIERRA\r'),
	('200304','PIURA','HUANCABAMBA','HUARMACA','HUARMACA',2,'SIERRA\r'),
	('200305','PIURA','HUANCABAMBA','LALAQUIZ','TUNAL',1,'COSTA\r'),
	('200306','PIURA','HUANCABAMBA','SAN MIGUEL DE EL FAIQUE','SAN MIGUEL DE EL FAIQUE',1,'COSTA\r'),
	('200307','PIURA','HUANCABAMBA','SONDOR','SONDOR',2,'SIERRA\r'),
	('200308','PIURA','HUANCABAMBA','SONDORILLO','SONDORILLO',3,'SELVA ALTA\r'),
	('200401','PIURA','MORROPON','CHULUCANAS','CHULUCANAS',1,'COSTA\r'),
	('200402','PIURA','MORROPON','BUENOS AIRES','BUENOS AIRES',1,'COSTA\r'),
	('200403','PIURA','MORROPON','CHALACO','CHALACO',2,'SIERRA\r'),
	('200404','PIURA','MORROPON','LA MATANZA','LA MATANZA',1,'COSTA\r'),
	('200405','PIURA','MORROPON','MORROPON','MORROPON',1,'COSTA\r'),
	('200406','PIURA','MORROPON','SALITRAL','SALITRAL',1,'COSTA\r'),
	('200407','PIURA','MORROPON','SAN JUAN DE BIGOTE','BIGOTE',1,'COSTA\r'),
	('200408','PIURA','MORROPON','SANTA CATALINA DE MOSSA','PALTASHACO',1,'COSTA\r'),
	('200409','PIURA','MORROPON','SANTO DOMINGO','SANTO DOMINGO',1,'COSTA\r'),
	('200410','PIURA','MORROPON','YAMANGO','YAMANGO',1,'COSTA\r'),
	('200501','PIURA','PAITA','PAITA','PAITA',1,'COSTA\r'),
	('200502','PIURA','PAITA','AMOTAPE','AMOTAPE',1,'COSTA\r'),
	('200503','PIURA','PAITA','ARENAL','ARENAL',1,'COSTA\r'),
	('200504','PIURA','PAITA','COLAN','SAN LUCAS (PUEBLO NUEVO DE COLAN)',1,'COSTA\r'),
	('200505','PIURA','PAITA','LA HUACA','LA HUACA',1,'COSTA\r'),
	('200506','PIURA','PAITA','TAMARINDO','TAMARINDO',1,'COSTA\r'),
	('200507','PIURA','PAITA','VICHAYAL','SAN FELIPE DE VICHAYAL',1,'COSTA\r'),
	('200601','PIURA','SULLANA','SULLANA','SULLANA',1,'COSTA\r'),
	('200602','PIURA','SULLANA','BELLAVISTA','BELLAVISTA',1,'COSTA\r'),
	('200603','PIURA','SULLANA','IGNACIO ESCUDERO','SAN JACINTO',1,'COSTA\r'),
	('200604','PIURA','SULLANA','LANCONES','LANCONES',1,'COSTA\r'),
	('200605','PIURA','SULLANA','MARCAVELICA','MARCAVELICA',1,'COSTA\r'),
	('200606','PIURA','SULLANA','MIGUEL CHECA','SOJO',1,'COSTA\r'),
	('200607','PIURA','SULLANA','QUERECOTILLO','QUERECOTILLO',1,'COSTA\r'),
	('200608','PIURA','SULLANA','SALITRAL','SALITRAL',1,'COSTA\r'),
	('200701','PIURA','TALARA','PARIÑAS','TALARA',1,'COSTA\r'),
	('200702','PIURA','TALARA','EL ALTO','EL ALTO',1,'COSTA\r'),
	('200703','PIURA','TALARA','LA BREA','NEGRITOS',1,'COSTA\r'),
	('200704','PIURA','TALARA','LOBITOS','LOBITOS',1,'COSTA\r'),
	('200705','PIURA','TALARA','LOS ORGANOS','LOS ORGANOS',1,'COSTA\r'),
	('200706','PIURA','TALARA','MANCORA','MANCORA',1,'COSTA\r'),
	('200801','PIURA','SECHURA','SECHURA','SECHURA',1,'COSTA\r'),
	('200802','PIURA','SECHURA','BELLAVISTA DE LA UNION','BELLAVISTA',1,'COSTA\r'),
	('200803','PIURA','SECHURA','BERNAL','BERNAL',1,'COSTA\r'),
	('200804','PIURA','SECHURA','CRISTO NOS VALGA','SAN CRISTO',1,'COSTA\r'),
	('200805','PIURA','SECHURA','VICE','VICE',1,'COSTA\r'),
	('200806','PIURA','SECHURA','RINCONADA LLICUAR','DOS PUEBLOS',1,'COSTA\r'),
	('20101','ANCASH','HUARAZ','HUARAZ','HUARAZ',2,'SIERRA\r'),
	('20102','ANCASH','HUARAZ','COCHABAMBA','COCHABAMBA',2,'SIERRA\r'),
	('20103','ANCASH','HUARAZ','COLCABAMBA','COLCABAMBA',2,'SIERRA\r'),
	('20104','ANCASH','HUARAZ','HUANCHAY','HUANCHAY',2,'SIERRA\r'),
	('20105','ANCASH','HUARAZ','INDEPENDENCIA','CENTENARIO',2,'SIERRA\r'),
	('20106','ANCASH','HUARAZ','JANGAS','JANGAS',2,'SIERRA\r'),
	('20107','ANCASH','HUARAZ','LA LIBERTAD','CAJAMARQUILLA',2,'SIERRA\r'),
	('20108','ANCASH','HUARAZ','OLLEROS','OLLEROS',2,'SIERRA\r'),
	('20109','ANCASH','HUARAZ','PAMPAS GRANDE','PAMPAS GRANDE',2,'SIERRA\r'),
	('20110','ANCASH','HUARAZ','PARIACOTO','PARIACOTO',1,'COSTA\r'),
	('20111','ANCASH','HUARAZ','PIRA','PIRA',2,'SIERRA\r'),
	('20112','ANCASH','HUARAZ','TARICA','TARICA',2,'SIERRA\r'),
	('20201','ANCASH','AIJA','AIJA','AIJA',2,'SIERRA\r'),
	('20202','ANCASH','AIJA','CORIS','CORIS',2,'SIERRA\r'),
	('20203','ANCASH','AIJA','HUACLLAN','HUACLLAN',2,'SIERRA\r'),
	('20204','ANCASH','AIJA','LA MERCED','LA MERCED',2,'SIERRA\r'),
	('20205','ANCASH','AIJA','SUCCHA','SUCCHA',2,'SIERRA\r'),
	('20301','ANCASH','ANTONIO RAYMONDI','LLAMELLIN','LLAMELLIN',2,'SIERRA\r'),
	('20302','ANCASH','ANTONIO RAYMONDI','ACZO','ACZO',2,'SIERRA\r'),
	('20303','ANCASH','ANTONIO RAYMONDI','CHACCHO','CHACCHO',2,'SIERRA\r'),
	('20304','ANCASH','ANTONIO RAYMONDI','CHINGAS','CHINGAS',2,'SIERRA\r'),
	('20305','ANCASH','ANTONIO RAYMONDI','MIRGAS','MIRGAS',2,'SIERRA\r'),
	('20306','ANCASH','ANTONIO RAYMONDI','SAN JUAN DE RONTOY','SAN JUAN DE RONTOY',2,'SIERRA\r'),
	('20401','ANCASH','ASUNCION','CHACAS','CHACAS',2,'SIERRA\r'),
	('20402','ANCASH','ASUNCION','ACOCHACA','ACOCHACA',2,'SIERRA\r'),
	('20501','ANCASH','BOLOGNESI','CHIQUIAN','CHIQUIAN',2,'SIERRA\r'),
	('20502','ANCASH','BOLOGNESI','ABELARDO PARDO LEZAMETA','LLACLLA',2,'SIERRA\r'),
	('20503','ANCASH','BOLOGNESI','ANTONIO RAYMONDI','RAQUIA',2,'SIERRA\r'),
	('20504','ANCASH','BOLOGNESI','AQUIA','AQUIA',2,'SIERRA\r'),
	('20505','ANCASH','BOLOGNESI','CAJACAY','CAJACAY',2,'SIERRA\r'),
	('20506','ANCASH','BOLOGNESI','CANIS','CANIS',2,'SIERRA\r'),
	('20507','ANCASH','BOLOGNESI','COLQUIOC','CHASQUITAMBO',1,'COSTA\r'),
	('20508','ANCASH','BOLOGNESI','HUALLANCA','HUALLANCA',2,'SIERRA\r'),
	('20509','ANCASH','BOLOGNESI','HUASTA','HUASTA',2,'SIERRA\r'),
	('20510','ANCASH','BOLOGNESI','HUAYLLACAYAN','HUAYLLACAYAN',2,'SIERRA\r'),
	('20511','ANCASH','BOLOGNESI','LA PRIMAVERA','GORGORILLO',2,'SIERRA\r'),
	('20512','ANCASH','BOLOGNESI','MANGAS','MANGAS',2,'SIERRA\r'),
	('20513','ANCASH','BOLOGNESI','PACLLON','PACLLON',2,'SIERRA\r'),
	('20514','ANCASH','BOLOGNESI','SAN MIGUEL DE CORPANQUI','CORPANQUI',2,'SIERRA\r'),
	('20515','ANCASH','BOLOGNESI','TICLLOS','TICLLOS',2,'SIERRA\r'),
	('20601','ANCASH','CARHUAZ','CARHUAZ','CARHUAZ',2,'SIERRA\r'),
	('20602','ANCASH','CARHUAZ','ACOPAMPA','ACOPAMPA',2,'SIERRA\r'),
	('20603','ANCASH','CARHUAZ','AMASHCA','AMASHCA',2,'SIERRA\r'),
	('20604','ANCASH','CARHUAZ','ANTA','ANTA',2,'SIERRA\r'),
	('20605','ANCASH','CARHUAZ','ATAQUERO','CARHUAC',2,'SIERRA\r'),
	('20606','ANCASH','CARHUAZ','MARCARA','MARCARA',2,'SIERRA\r'),
	('20607','ANCASH','CARHUAZ','PARIAHUANCA','PARIAHUANCA',2,'SIERRA\r'),
	('20608','ANCASH','CARHUAZ','SAN MIGUEL DE ACO','ACO',2,'SIERRA\r'),
	('20609','ANCASH','CARHUAZ','SHILLA','SHILLA',2,'SIERRA\r'),
	('20610','ANCASH','CARHUAZ','TINCO','TINCO',2,'SIERRA\r'),
	('20611','ANCASH','CARHUAZ','YUNGAR','YUNGAR',2,'SIERRA\r'),
	('20701','ANCASH','CARLOS FERMIN FITZCARRALD','SAN LUIS','SAN LUIS',2,'SIERRA\r'),
	('20702','ANCASH','CARLOS FERMIN FITZCARRALD','SAN NICOLAS','SAN NICOLAS',2,'SIERRA\r'),
	('20703','ANCASH','CARLOS FERMIN FITZCARRALD','YAUYA','YAUYA',2,'SIERRA\r'),
	('20801','ANCASH','CASMA','CASMA','CASMA',1,'COSTA\r'),
	('20802','ANCASH','CASMA','BUENA VISTA ALTA','BUENA VISTA ALTA',1,'COSTA\r'),
	('20803','ANCASH','CASMA','COMANDANTE NOEL','PUERTO CASMA',1,'COSTA\r'),
	('20804','ANCASH','CASMA','YAUTAN','YAUTAN',1,'COSTA\r'),
	('20901','ANCASH','CORONGO','CORONGO','CORONGO',2,'SIERRA\r'),
	('20902','ANCASH','CORONGO','ACO','ACO',2,'SIERRA\r'),
	('20903','ANCASH','CORONGO','BAMBAS','BAMBAS',2,'SIERRA\r'),
	('20904','ANCASH','CORONGO','CUSCA','CUSCA',2,'SIERRA\r'),
	('20905','ANCASH','CORONGO','LA PAMPA','LA PAMPA',1,'COSTA\r'),
	('20906','ANCASH','CORONGO','YANAC','YANAC',2,'SIERRA\r'),
	('20907','ANCASH','CORONGO','YUPAN','YUPAN',2,'SIERRA\r'),
	('21001','ANCASH','HUARI','HUARI','HUARI',2,'SIERRA\r'),
	('21002','ANCASH','HUARI','ANRA','ANRA',2,'SIERRA\r'),
	('21003','ANCASH','HUARI','CAJAY','CAJAY',2,'SIERRA\r'),
	('21004','ANCASH','HUARI','CHAVIN DE HUANTAR','CHAVIN DE HUANTAR',2,'SIERRA\r'),
	('21005','ANCASH','HUARI','HUACACHI','HUACACHI',2,'SIERRA\r'),
	('21006','ANCASH','HUARI','HUACCHIS','HUACCHIS',2,'SIERRA\r'),
	('21007','ANCASH','HUARI','HUACHIS','HUACHIS',2,'SIERRA\r'),
	('21008','ANCASH','HUARI','HUANTAR','HUANTAR',2,'SIERRA\r'),
	('21009','ANCASH','HUARI','MASIN','MASIN',2,'SIERRA\r'),
	('21010','ANCASH','HUARI','PAUCAS','PAUCAS',2,'SIERRA\r'),
	('210101','PUNO','PUNO','PUNO','PUNO',2,'SIERRA\r'),
	('210102','PUNO','PUNO','ACORA','ACORA',2,'SIERRA\r'),
	('210103','PUNO','PUNO','AMANTANI','AMANTANI',2,'SIERRA\r'),
	('210104','PUNO','PUNO','ATUNCOLLA','ATUNCOLLA',2,'SIERRA\r'),
	('210105','PUNO','PUNO','CAPACHICA','CAPACHICA',2,'SIERRA\r'),
	('210106','PUNO','PUNO','CHUCUITO','CHUCUITO',2,'SIERRA\r'),
	('210107','PUNO','PUNO','COATA','COATA',2,'SIERRA\r'),
	('210108','PUNO','PUNO','HUATA','HUATA',2,'SIERRA\r'),
	('210109','PUNO','PUNO','MAÑAZO','MAÑAZO',2,'SIERRA\r'),
	('21011','ANCASH','HUARI','PONTO','PONTO',2,'SIERRA\r'),
	('210110','PUNO','PUNO','PAUCARCOLLA','PAUCARCOLLA',2,'SIERRA\r'),
	('210111','PUNO','PUNO','PICHACANI','LARAQUERI',2,'SIERRA\r'),
	('210112','PUNO','PUNO','PLATERIA','PLATERIA',2,'SIERRA\r'),
	('210113','PUNO','PUNO','SAN ANTONIO','JUNCAL /14',2,'SIERRA\r'),
	('210114','PUNO','PUNO','TIQUILLACA','TIQUILLACA',2,'SIERRA\r'),
	('210115','PUNO','PUNO','VILQUE','VILQUE',2,'SIERRA\r'),
	('21012','ANCASH','HUARI','RAHUAPAMPA','RAHUAPAMPA',2,'SIERRA\r'),
	('21013','ANCASH','HUARI','RAPAYAN','RAPAYAN',2,'SIERRA\r'),
	('21014','ANCASH','HUARI','SAN MARCOS','SAN MARCOS',2,'SIERRA\r'),
	('21015','ANCASH','HUARI','SAN PEDRO DE CHANA','CHANA',2,'SIERRA\r'),
	('21016','ANCASH','HUARI','UCO','UCO',2,'SIERRA\r'),
	('210201','PUNO','AZANGARO','AZANGARO','AZANGARO',2,'SIERRA\r'),
	('210202','PUNO','AZANGARO','ACHAYA','ACHAYA',2,'SIERRA\r'),
	('210203','PUNO','AZANGARO','ARAPA','ARAPA',2,'SIERRA\r'),
	('210204','PUNO','AZANGARO','ASILLO','ASILLO',2,'SIERRA\r'),
	('210205','PUNO','AZANGARO','CAMINACA','CAMINACA',2,'SIERRA\r'),
	('210206','PUNO','AZANGARO','CHUPA','CHUPA',2,'SIERRA\r'),
	('210207','PUNO','AZANGARO','JOSE DOMINGO CHOQUEHUANCA','ESTACION DE PUCARA',2,'SIERRA\r'),
	('210208','PUNO','AZANGARO','MUÑANI','MUÑANI',2,'SIERRA\r'),
	('210209','PUNO','AZANGARO','POTONI','POTONI',2,'SIERRA\r'),
	('210210','PUNO','AZANGARO','SAMAN','SAMAN',2,'SIERRA\r'),
	('210211','PUNO','AZANGARO','SAN ANTON','SAN ANTON',2,'SIERRA\r'),
	('210212','PUNO','AZANGARO','SAN JOSE','SAN JOSE',2,'SIERRA\r'),
	('210213','PUNO','AZANGARO','SAN JUAN DE SALINAS','SAN JUAN DE SALINAS',2,'SIERRA\r'),
	('210214','PUNO','AZANGARO','SANTIAGO DE PUPUJA','SANTIAGO DE PUPUJA',2,'SIERRA\r'),
	('210215','PUNO','AZANGARO','TIRAPATA','TIRAPATA',2,'SIERRA\r'),
	('210301','PUNO','CARABAYA','MACUSANI','MACUSANI',2,'SIERRA\r'),
	('210302','PUNO','CARABAYA','AJOYANI','AJOYANI',2,'SIERRA\r'),
	('210303','PUNO','CARABAYA','AYAPATA','AYAPATA',2,'SIERRA\r'),
	('210304','PUNO','CARABAYA','COASA','COASA',2,'SIERRA\r'),
	('210305','PUNO','CARABAYA','CORANI','CORANI',2,'SIERRA\r'),
	('210306','PUNO','CARABAYA','CRUCERO','CRUCERO',2,'SIERRA\r'),
	('210307','PUNO','CARABAYA','ITUATA','TAMBILLO /15',2,'SIERRA\r'),
	('210308','PUNO','CARABAYA','OLLACHEA','OLLACHEA',2,'SIERRA\r'),
	('210309','PUNO','CARABAYA','SAN GABAN','LANLACUNI BAJO',3,'SELVA ALTA\r'),
	('210310','PUNO','CARABAYA','USICAYOS','USICAYOS',2,'SIERRA\r'),
	('210401','PUNO','CHUCUITO','JULI','JULI',2,'SIERRA\r'),
	('210402','PUNO','CHUCUITO','DESAGUADERO','DESAGUADERO',2,'SIERRA\r'),
	('210403','PUNO','CHUCUITO','HUACULLANI','HUACULLANI',2,'SIERRA\r'),
	('210404','PUNO','CHUCUITO','KELLUYO','KELLUYO',2,'SIERRA\r'),
	('210405','PUNO','CHUCUITO','PISACOMA','PISACOMA',2,'SIERRA\r'),
	('210406','PUNO','CHUCUITO','POMATA','POMATA',2,'SIERRA\r'),
	('210407','PUNO','CHUCUITO','ZEPITA','ZEPITA',2,'SIERRA\r'),
	('210501','PUNO','EL COLLAO','ILAVE','ILAVE',2,'SIERRA\r'),
	('210502','PUNO','EL COLLAO','CAPAZO','CAPAZO',2,'SIERRA\r'),
	('210503','PUNO','EL COLLAO','PILCUYO','PILCUYO',2,'SIERRA\r'),
	('210504','PUNO','EL COLLAO','SANTA ROSA','MAZO CRUZ',2,'SIERRA\r'),
	('210505','PUNO','EL COLLAO','CONDURIRI','CONDURIRI',2,'SIERRA\r'),
	('210601','PUNO','HUANCANE','HUANCANE','HUANCANE',2,'SIERRA\r'),
	('210602','PUNO','HUANCANE','COJATA','COJATA',2,'SIERRA\r'),
	('210603','PUNO','HUANCANE','HUATASANI','HUATASANI',2,'SIERRA\r'),
	('210604','PUNO','HUANCANE','INCHUPALLA','INCHUPALLA',2,'SIERRA\r'),
	('210605','PUNO','HUANCANE','PUSI','PUSI',2,'SIERRA\r'),
	('210606','PUNO','HUANCANE','ROSASPATA','ROSASPATA',2,'SIERRA\r'),
	('210607','PUNO','HUANCANE','TARACO','TARACO',2,'SIERRA\r'),
	('210608','PUNO','HUANCANE','VILQUE CHICO','VILQUE CHICO',2,'SIERRA\r'),
	('210701','PUNO','LAMPA','LAMPA','LAMPA',2,'SIERRA\r'),
	('210702','PUNO','LAMPA','CABANILLA','CABANILLA',2,'SIERRA\r'),
	('210703','PUNO','LAMPA','CALAPUJA','CALAPUJA',2,'SIERRA\r'),
	('210704','PUNO','LAMPA','NICASIO','NICASIO',2,'SIERRA\r'),
	('210705','PUNO','LAMPA','OCUVIRI','OCUVIRI',2,'SIERRA\r'),
	('210706','PUNO','LAMPA','PALCA','PALCA',2,'SIERRA\r'),
	('210707','PUNO','LAMPA','PARATIA','PARATIA',2,'SIERRA\r'),
	('210708','PUNO','LAMPA','PUCARA','PUCARA',2,'SIERRA\r'),
	('210709','PUNO','LAMPA','SANTA LUCIA','SANTA LUCIA',2,'SIERRA\r'),
	('210710','PUNO','LAMPA','VILAVILA','VILAVILA',2,'SIERRA\r'),
	('210801','PUNO','MELGAR','AYAVIRI','AYAVIRI',2,'SIERRA\r'),
	('210802','PUNO','MELGAR','ANTAUTA','ANTAUTA',2,'SIERRA\r'),
	('210803','PUNO','MELGAR','CUPI','CUPI',2,'SIERRA\r'),
	('210804','PUNO','MELGAR','LLALLI','LLALLI',2,'SIERRA\r'),
	('210805','PUNO','MELGAR','MACARI','MACARI',2,'SIERRA\r'),
	('210806','PUNO','MELGAR','NUÑOA','NUÑOA',2,'SIERRA\r'),
	('210807','PUNO','MELGAR','ORURILLO','ORURILLO',2,'SIERRA\r'),
	('210808','PUNO','MELGAR','SANTA ROSA','SANTA ROSA',2,'SIERRA\r'),
	('210809','PUNO','MELGAR','UMACHIRI','UMACHIRI',2,'SIERRA\r'),
	('210901','PUNO','MOHO','MOHO','MOHO',2,'SIERRA\r'),
	('210902','PUNO','MOHO','CONIMA','CONIMA',2,'SIERRA\r'),
	('210903','PUNO','MOHO','HUAYRAPATA','HUAYRAPATA',2,'SIERRA\r'),
	('210904','PUNO','MOHO','TILALI','TILALI',2,'SIERRA\r'),
	('211001','PUNO','SAN ANTONIO DE PUTINA','PUTINA','PUTINA',2,'SIERRA\r'),
	('211002','PUNO','SAN ANTONIO DE PUTINA','ANANEA','ANANEA',2,'SIERRA\r'),
	('211003','PUNO','SAN ANTONIO DE PUTINA','PEDRO VILCA APAZA','AYRAMPUNI',2,'SIERRA\r'),
	('211004','PUNO','SAN ANTONIO DE PUTINA','QUILCAPUNCU','QUILCAPUNCU',2,'SIERRA\r'),
	('211005','PUNO','SAN ANTONIO DE PUTINA','SINA','SINA',2,'SIERRA\r'),
	('21101','ANCASH','HUARMEY','HUARMEY','HUARMEY',1,'COSTA\r'),
	('21102','ANCASH','HUARMEY','COCHAPETI','COCHAPETI',2,'SIERRA\r'),
	('21103','ANCASH','HUARMEY','CULEBRAS','LA CALETA CULEBRAS',1,'COSTA\r'),
	('21104','ANCASH','HUARMEY','HUAYAN','HUAYAN',2,'SIERRA\r'),
	('21105','ANCASH','HUARMEY','MALVAS','MALVAS',2,'SIERRA\r'),
	('211101','PUNO','SAN ROMAN','JULIACA','JULIACA',2,'SIERRA\r'),
	('211102','PUNO','SAN ROMAN','CABANA','CABANA',2,'SIERRA\r'),
	('211103','PUNO','SAN ROMAN','CABANILLAS','DEUSTUA',2,'SIERRA\r'),
	('211104','PUNO','SAN ROMAN','CARACOTO','CARACOTO',2,'SIERRA\r'),
	('211105','PUNO','SAN ROMAN','SAN MIGUEL','SAN MIGUEL',2,'SIERRA\r'),
	('211201','PUNO','SANDIA','SANDIA','SANDIA',2,'SIERRA\r'),
	('211202','PUNO','SANDIA','CUYOCUYO','CUYOCUYO',2,'SIERRA\r'),
	('211203','PUNO','SANDIA','LIMBANI','LIMBANI',2,'SIERRA\r'),
	('211204','PUNO','SANDIA','PATAMBUCO','PATAMBUCO',2,'SIERRA\r'),
	('211205','PUNO','SANDIA','PHARA','PHARA',2,'SIERRA\r'),
	('211206','PUNO','SANDIA','QUIACA','QUIACA',2,'SIERRA\r'),
	('211207','PUNO','SANDIA','SAN JUAN DEL ORO','SAN JUAN DEL ORO',3,'SELVA ALTA\r'),
	('211208','PUNO','SANDIA','YANAHUAYA','YANAHUAYA',3,'SELVA ALTA\r'),
	('211209','PUNO','SANDIA','ALTO INAMBARI','MASSIAPO',3,'SELVA ALTA\r'),
	('211210','PUNO','SANDIA','SAN PEDRO DE PUTINA PUNCO','PUTINA PUNCO',3,'SELVA ALTA\r'),
	('211301','PUNO','YUNGUYO','YUNGUYO','YUNGUYO',2,'SIERRA\r'),
	('211302','PUNO','YUNGUYO','ANAPIA','ANAPIA',2,'SIERRA\r'),
	('211303','PUNO','YUNGUYO','COPANI','COPANI',2,'SIERRA\r'),
	('211304','PUNO','YUNGUYO','CUTURAPI','SAN JUAN DE CUTURAPI',2,'SIERRA\r'),
	('211305','PUNO','YUNGUYO','OLLARAYA','SAN MIGUEL DE OLLARAYA',2,'SIERRA\r'),
	('211306','PUNO','YUNGUYO','TINICACHI','TINICACHI',2,'SIERRA\r'),
	('211307','PUNO','YUNGUYO','UNICACHI','MARCAJA',2,'SIERRA\r'),
	('21201','ANCASH','HUAYLAS','CARAZ','CARAZ',2,'SIERRA\r'),
	('21202','ANCASH','HUAYLAS','HUALLANCA','HUALLANCA',1,'COSTA\r'),
	('21203','ANCASH','HUAYLAS','HUATA','HUATA',2,'SIERRA\r'),
	('21204','ANCASH','HUAYLAS','HUAYLAS','HUAYLAS',2,'SIERRA\r'),
	('21205','ANCASH','HUAYLAS','MATO','SUCRE',2,'SIERRA\r'),
	('21206','ANCASH','HUAYLAS','PAMPAROMAS','PAMPAROMAS',2,'SIERRA\r'),
	('21207','ANCASH','HUAYLAS','PUEBLO LIBRE','SAN JUAN /1',2,'SIERRA\r'),
	('21208','ANCASH','HUAYLAS','SANTA CRUZ','HUARIPAMPA',2,'SIERRA\r'),
	('21209','ANCASH','HUAYLAS','SANTO TORIBIO','SANTO TORIBIO',2,'SIERRA\r'),
	('21210','ANCASH','HUAYLAS','YURACMARCA','YURACMARCA',1,'COSTA\r'),
	('21301','ANCASH','MARISCAL LUZURIAGA','PISCOBAMBA','PISCOBAMBA',2,'SIERRA\r'),
	('21302','ANCASH','MARISCAL LUZURIAGA','CASCA','CASCA',2,'SIERRA\r'),
	('21303','ANCASH','MARISCAL LUZURIAGA','ELEAZAR GUZMAN BARRON','PAMPACHACRA',2,'SIERRA\r'),
	('21304','ANCASH','MARISCAL LUZURIAGA','FIDEL OLIVAS ESCUDERO','SANACHGAN',2,'SIERRA\r'),
	('21305','ANCASH','MARISCAL LUZURIAGA','LLAMA','LLAMA',2,'SIERRA\r'),
	('21306','ANCASH','MARISCAL LUZURIAGA','LLUMPA','LLUMPA',2,'SIERRA\r'),
	('21307','ANCASH','MARISCAL LUZURIAGA','LUCMA','LUCMA',2,'SIERRA\r'),
	('21308','ANCASH','MARISCAL LUZURIAGA','MUSGA','MUSGA',2,'SIERRA\r'),
	('21401','ANCASH','OCROS','OCROS','OCROS',2,'SIERRA\r'),
	('21402','ANCASH','OCROS','ACAS','ACAS',2,'SIERRA\r'),
	('21403','ANCASH','OCROS','CAJAMARQUILLA','CAJAMARQUILLA',2,'SIERRA\r'),
	('21404','ANCASH','OCROS','CARHUAPAMPA','ACO',2,'SIERRA\r'),
	('21405','ANCASH','OCROS','COCHAS','HUANCHAY',1,'COSTA\r'),
	('21406','ANCASH','OCROS','CONGAS','CONGAS',2,'SIERRA\r'),
	('21407','ANCASH','OCROS','LLIPA','LLIPA',2,'SIERRA\r'),
	('21408','ANCASH','OCROS','SAN CRISTOBAL DE RAJAN','RAJAN',2,'SIERRA\r'),
	('21409','ANCASH','OCROS','SAN PEDRO','COPA',2,'SIERRA\r'),
	('21410','ANCASH','OCROS','SANTIAGO DE CHILCAS','SANTIAGO DE CHILCAS',2,'SIERRA\r'),
	('21501','ANCASH','PALLASCA','CABANA','CABANA',2,'SIERRA\r'),
	('21502','ANCASH','PALLASCA','BOLOGNESI','BOLOGNESI',2,'SIERRA\r'),
	('21503','ANCASH','PALLASCA','CONCHUCOS','CONCHUCOS',2,'SIERRA\r'),
	('21504','ANCASH','PALLASCA','HUACASCHUQUE','HUACASCHUQUE',2,'SIERRA\r'),
	('21505','ANCASH','PALLASCA','HUANDOVAL','HUANDOVAL',2,'SIERRA\r'),
	('21506','ANCASH','PALLASCA','LACABAMBA','LACABAMBA',2,'SIERRA\r'),
	('21507','ANCASH','PALLASCA','LLAPO','LLAPO',2,'SIERRA\r'),
	('21508','ANCASH','PALLASCA','PALLASCA','PALLASCA',2,'SIERRA\r'),
	('21509','ANCASH','PALLASCA','PAMPAS','PAMPAS',2,'SIERRA\r'),
	('21510','ANCASH','PALLASCA','SANTA ROSA','SANTA ROSA',2,'SIERRA\r'),
	('21511','ANCASH','PALLASCA','TAUCA','TAUCA',2,'SIERRA\r'),
	('21601','ANCASH','POMABAMBA','POMABAMBA','POMABAMBA',2,'SIERRA\r'),
	('21602','ANCASH','POMABAMBA','HUAYLLAN','HUAYLLAN',2,'SIERRA\r'),
	('21603','ANCASH','POMABAMBA','PAROBAMBA','PAROBAMBA',2,'SIERRA\r'),
	('21604','ANCASH','POMABAMBA','QUINUABAMBA','QUINUABAMBA',2,'SIERRA\r'),
	('21701','ANCASH','RECUAY','RECUAY','RECUAY',2,'SIERRA\r'),
	('21702','ANCASH','RECUAY','CATAC','CATAC',2,'SIERRA\r'),
	('21703','ANCASH','RECUAY','COTAPARACO','COTAPARACO',2,'SIERRA\r'),
	('21704','ANCASH','RECUAY','HUAYLLAPAMPA','HUAYLLAPAMPA',2,'SIERRA\r'),
	('21705','ANCASH','RECUAY','LLACLLIN','LLACLLIN',2,'SIERRA\r'),
	('21706','ANCASH','RECUAY','MARCA','MARCA',2,'SIERRA\r'),
	('21707','ANCASH','RECUAY','PAMPAS CHICO','PAMPAS CHICO',2,'SIERRA\r'),
	('21708','ANCASH','RECUAY','PARARIN','PARARIN',2,'SIERRA\r'),
	('21709','ANCASH','RECUAY','TAPACOCHA','TAPACOCHA',2,'SIERRA\r'),
	('21710','ANCASH','RECUAY','TICAPAMPA','TICAPAMPA',2,'SIERRA\r'),
	('21801','ANCASH','SANTA','CHIMBOTE','CHIMBOTE',1,'COSTA\r'),
	('21802','ANCASH','SANTA','CACERES DEL PERU','JIMBE',1,'COSTA\r'),
	('21803','ANCASH','SANTA','COISHCO','COISHCO',1,'COSTA\r'),
	('21804','ANCASH','SANTA','MACATE','MACATE',2,'SIERRA\r'),
	('21805','ANCASH','SANTA','MORO','MORO',1,'COSTA\r'),
	('21806','ANCASH','SANTA','NEPEÑA','NEPEÑA',1,'COSTA\r'),
	('21807','ANCASH','SANTA','SAMANCO','SAMANCO',1,'COSTA\r'),
	('21808','ANCASH','SANTA','SANTA','SANTA',1,'COSTA\r'),
	('21809','ANCASH','SANTA','NUEVO CHIMBOTE','BUENOS AIRES',1,'COSTA\r'),
	('21901','ANCASH','SIHUAS','SIHUAS','SIHUAS',2,'SIERRA\r'),
	('21902','ANCASH','SIHUAS','ACOBAMBA','ACOBAMBA',2,'SIERRA\r'),
	('21903','ANCASH','SIHUAS','ALFONSO UGARTE','ULLULLUCO',2,'SIERRA\r'),
	('21904','ANCASH','SIHUAS','CASHAPAMPA','CASHAPAMPA',2,'SIERRA\r'),
	('21905','ANCASH','SIHUAS','CHINGALPO','CHINGALPO',2,'SIERRA\r'),
	('21906','ANCASH','SIHUAS','HUAYLLABAMBA','HUAYLLABAMBA',2,'SIERRA\r'),
	('21907','ANCASH','SIHUAS','QUICHES','QUICHES',2,'SIERRA\r'),
	('21908','ANCASH','SIHUAS','RAGASH','RAGASH',2,'SIERRA\r'),
	('21909','ANCASH','SIHUAS','SAN JUAN','CHULLIN',2,'SIERRA\r'),
	('21910','ANCASH','SIHUAS','SICSIBAMBA','UMBE',2,'SIERRA\r'),
	('22001','ANCASH','YUNGAY','YUNGAY','YUNGAY',2,'SIERRA\r'),
	('22002','ANCASH','YUNGAY','CASCAPARA','CASCAPARA',2,'SIERRA\r'),
	('22003','ANCASH','YUNGAY','MANCOS','MANCOS',2,'SIERRA\r'),
	('22004','ANCASH','YUNGAY','MATACOTO','MATACOTO',2,'SIERRA\r'),
	('22005','ANCASH','YUNGAY','QUILLO','QUILLO',1,'COSTA\r'),
	('22006','ANCASH','YUNGAY','RANRAHIRCA','RANRAHIRCA',2,'SIERRA\r'),
	('22007','ANCASH','YUNGAY','SHUPLUY','SHUPLUY',2,'SIERRA\r'),
	('22008','ANCASH','YUNGAY','YANAMA','YANAMA',2,'SIERRA\r'),
	('220101','SAN MARTIN','MOYOBAMBA','MOYOBAMBA','MOYOBAMBA',3,'SELVA ALTA\r'),
	('220102','SAN MARTIN','MOYOBAMBA','CALZADA','CALZADA',3,'SELVA ALTA\r'),
	('220103','SAN MARTIN','MOYOBAMBA','HABANA','HABANA',3,'SELVA ALTA\r'),
	('220104','SAN MARTIN','MOYOBAMBA','JEPELACIO','JEPELACIO',3,'SELVA ALTA\r'),
	('220105','SAN MARTIN','MOYOBAMBA','SORITOR','SORITOR',3,'SELVA ALTA\r'),
	('220106','SAN MARTIN','MOYOBAMBA','YANTALO','YANTALO',3,'SELVA ALTA\r'),
	('220201','SAN MARTIN','BELLAVISTA','BELLAVISTA','BELLAVISTA',4,'SELVA BAJA\r'),
	('220202','SAN MARTIN','BELLAVISTA','ALTO BIAVO','CUZCO',4,'SELVA BAJA\r'),
	('220203','SAN MARTIN','BELLAVISTA','BAJO BIAVO','NUEVO LIMA',4,'SELVA BAJA\r'),
	('220204','SAN MARTIN','BELLAVISTA','HUALLAGA','LEDOY',4,'SELVA BAJA\r'),
	('220205','SAN MARTIN','BELLAVISTA','SAN PABLO','SAN PABLO',4,'SELVA BAJA\r'),
	('220206','SAN MARTIN','BELLAVISTA','SAN RAFAEL','SAN RAFAEL',4,'SELVA BAJA\r'),
	('220301','SAN MARTIN','EL DORADO','SAN JOSE DE SISA','SAN JOSE DE SISA',4,'SELVA BAJA\r'),
	('220302','SAN MARTIN','EL DORADO','AGUA BLANCA','AGUA BLANCA',4,'SELVA BAJA\r'),
	('220303','SAN MARTIN','EL DORADO','SAN MARTIN','SAN MARTIN',4,'SELVA BAJA\r'),
	('220304','SAN MARTIN','EL DORADO','SANTA ROSA','SANTA ROSA',4,'SELVA BAJA\r'),
	('220305','SAN MARTIN','EL DORADO','SHATOJA','SHATOJA',4,'SELVA BAJA\r'),
	('220401','SAN MARTIN','HUALLAGA','SAPOSOA','SAPOSOA',4,'SELVA BAJA\r'),
	('220402','SAN MARTIN','HUALLAGA','ALTO SAPOSOA','PASARRAYA',4,'SELVA BAJA\r'),
	('220403','SAN MARTIN','HUALLAGA','EL ESLABON','EL ESLABON',4,'SELVA BAJA\r'),
	('220404','SAN MARTIN','HUALLAGA','PISCOYACU','PISCOYACU',4,'SELVA BAJA\r'),
	('220405','SAN MARTIN','HUALLAGA','SACANCHE','SACANCHE',4,'SELVA BAJA\r'),
	('220406','SAN MARTIN','HUALLAGA','TINGO DE SAPOSOA','TINGO DE SAPOSOA',4,'SELVA BAJA\r'),
	('220501','SAN MARTIN','LAMAS','LAMAS','LAMAS',3,'SELVA ALTA\r'),
	('220502','SAN MARTIN','LAMAS','ALONSO DE ALVARADO','ROQUE',3,'SELVA ALTA\r'),
	('220503','SAN MARTIN','LAMAS','BARRANQUITA','BARRANQUITA',4,'SELVA BAJA\r'),
	('220504','SAN MARTIN','LAMAS','CAYNARACHI','PONGO DE CAYNARACHI',4,'SELVA BAJA\r'),
	('220505','SAN MARTIN','LAMAS','CUÑUMBUQUI','CUÑUMBUQUI',4,'SELVA BAJA\r'),
	('220506','SAN MARTIN','LAMAS','PINTO RECODO','PINTO RECODO',4,'SELVA BAJA\r'),
	('220507','SAN MARTIN','LAMAS','RUMISAPA','RUMISAPA',4,'SELVA BAJA\r'),
	('220508','SAN MARTIN','LAMAS','SAN ROQUE DE CUMBAZA','SAN ROQUE DE CUMBAZA',3,'SELVA ALTA\r'),
	('220509','SAN MARTIN','LAMAS','SHANAO','SHANAO',4,'SELVA BAJA\r'),
	('220510','SAN MARTIN','LAMAS','TABALOSOS','TABALOSOS',3,'SELVA ALTA\r'),
	('220511','SAN MARTIN','LAMAS','ZAPATERO','ZAPATERO',4,'SELVA BAJA\r'),
	('220601','SAN MARTIN','MARISCAL CACERES','JUANJUI','JUANJUI',4,'SELVA BAJA\r'),
	('220602','SAN MARTIN','MARISCAL CACERES','CAMPANILLA','CAMPANILLA',4,'SELVA BAJA\r'),
	('220603','SAN MARTIN','MARISCAL CACERES','HUICUNGO','HUICUNGO',4,'SELVA BAJA\r'),
	('220604','SAN MARTIN','MARISCAL CACERES','PACHIZA','PACHIZA',4,'SELVA BAJA\r'),
	('220605','SAN MARTIN','MARISCAL CACERES','PAJARILLO','PAJARILLO',4,'SELVA BAJA\r'),
	('220701','SAN MARTIN','PICOTA','PICOTA','PICOTA',4,'SELVA BAJA\r'),
	('220702','SAN MARTIN','PICOTA','BUENOS AIRES','BUENOS AIRES',4,'SELVA BAJA\r'),
	('220703','SAN MARTIN','PICOTA','CASPISAPA','CASPISAPA',4,'SELVA BAJA\r'),
	('220704','SAN MARTIN','PICOTA','PILLUANA','PILLUANA',4,'SELVA BAJA\r'),
	('220705','SAN MARTIN','PICOTA','PUCACACA','PUCACACA',4,'SELVA BAJA\r'),
	('220706','SAN MARTIN','PICOTA','SAN CRISTOBAL','PUERTO RICO',4,'SELVA BAJA\r'),
	('220707','SAN MARTIN','PICOTA','SAN HILARION','SAN CRISTOBAL DE SISA',4,'SELVA BAJA\r'),
	('220708','SAN MARTIN','PICOTA','SHAMBOYACU','SHAMBOYACU',4,'SELVA BAJA\r'),
	('220709','SAN MARTIN','PICOTA','TINGO DE PONASA','TINGO DE PONASA',4,'SELVA BAJA\r'),
	('220710','SAN MARTIN','PICOTA','TRES UNIDOS','TRES UNIDOS',4,'SELVA BAJA\r'),
	('220801','SAN MARTIN','RIOJA','RIOJA','RIOJA',3,'SELVA ALTA\r'),
	('220802','SAN MARTIN','RIOJA','AWAJUN','BAJO NARANJILLO',3,'SELVA ALTA\r'),
	('220803','SAN MARTIN','RIOJA','ELIAS SOPLIN VARGAS','SEGUNDA JERUSALEN-AZUNGUILLO',3,'SELVA ALTA\r'),
	('220804','SAN MARTIN','RIOJA','NUEVA CAJAMARCA','NUEVA CAJAMARCA',3,'SELVA ALTA\r'),
	('220805','SAN MARTIN','RIOJA','PARDO MIGUEL','NARANJOS',3,'SELVA ALTA\r'),
	('220806','SAN MARTIN','RIOJA','POSIC','POSIC',3,'SELVA ALTA\r'),
	('220807','SAN MARTIN','RIOJA','SAN FERNANDO','SAN FERNANDO',3,'SELVA ALTA\r'),
	('220808','SAN MARTIN','RIOJA','YORONGOS','YORONGOS',3,'SELVA ALTA\r'),
	('220809','SAN MARTIN','RIOJA','YURACYACU','YURACYACU',3,'SELVA ALTA\r'),
	('220901','SAN MARTIN','SAN MARTIN','TARAPOTO','TARAPOTO',4,'SELVA BAJA\r'),
	('220902','SAN MARTIN','SAN MARTIN','ALBERTO LEVEAU','UTCURARCA',4,'SELVA BAJA\r'),
	('220903','SAN MARTIN','SAN MARTIN','CACATACHI','CACATACHI',4,'SELVA BAJA\r'),
	('220904','SAN MARTIN','SAN MARTIN','CHAZUTA','CHAZUTA',4,'SELVA BAJA\r'),
	('220905','SAN MARTIN','SAN MARTIN','CHIPURANA','NAVARRO',4,'SELVA BAJA\r'),
	('220906','SAN MARTIN','SAN MARTIN','EL PORVENIR','PELEJO',4,'SELVA BAJA\r'),
	('220907','SAN MARTIN','SAN MARTIN','HUIMBAYOC','HUIMBAYOC',4,'SELVA BAJA\r'),
	('220908','SAN MARTIN','SAN MARTIN','JUAN GUERRA','JUAN GUERRA',4,'SELVA BAJA\r'),
	('220909','SAN MARTIN','SAN MARTIN','LA BANDA DE SHILCAYO','LA BANDA',4,'SELVA BAJA\r'),
	('220910','SAN MARTIN','SAN MARTIN','MORALES','MORALES',4,'SELVA BAJA\r'),
	('220911','SAN MARTIN','SAN MARTIN','PAPAPLAYA','PAPAPLAYA',4,'SELVA BAJA\r'),
	('220912','SAN MARTIN','SAN MARTIN','SAN ANTONIO','SAN ANTONIO',4,'SELVA BAJA\r'),
	('220913','SAN MARTIN','SAN MARTIN','SAUCE','SAUCE',3,'SELVA ALTA\r'),
	('220914','SAN MARTIN','SAN MARTIN','SHAPAJA','SHAPAJA',4,'SELVA BAJA\r'),
	('221001','SAN MARTIN','TOCACHE','TOCACHE','TOCACHE',3,'SELVA ALTA\r'),
	('221002','SAN MARTIN','TOCACHE','NUEVO PROGRESO','NUEVO PROGRESO',3,'SELVA ALTA\r'),
	('221003','SAN MARTIN','TOCACHE','POLVORA','POLVORA',3,'SELVA ALTA\r'),
	('221004','SAN MARTIN','TOCACHE','SHUNTE','MONTE CRISTO /16',3,'SELVA ALTA\r'),
	('221005','SAN MARTIN','TOCACHE','UCHIZA','UCHIZA',3,'SELVA ALTA\r'),
	('221006','SAN MARTIN','TOCACHE','SANTA LUCIA','SANTA LUCIA',3,'SELVA ALTA\r'),
	('230101','TACNA','TACNA','TACNA','TACNA',1,'COSTA\r'),
	('230102','TACNA','TACNA','ALTO DE LA ALIANZA','LA ESPERANZA',1,'COSTA\r'),
	('230103','TACNA','TACNA','CALANA','CALANA',1,'COSTA\r'),
	('230104','TACNA','TACNA','CIUDAD NUEVA','CIUDAD NUEVA',1,'COSTA\r'),
	('230105','TACNA','TACNA','INCLAN','SAMA GRANDE',1,'COSTA\r'),
	('230106','TACNA','TACNA','PACHIA','PACHIA',1,'COSTA\r'),
	('230107','TACNA','TACNA','PALCA','PALCA',2,'SIERRA\r'),
	('230108','TACNA','TACNA','POCOLLAY','POCOLLAY',1,'COSTA\r'),
	('230109','TACNA','TACNA','SAMA','LAS YARAS',1,'COSTA\r'),
	('230110','TACNA','TACNA','CORONEL GREGORIO ALBARRACIN LANCHIPA','ALFONSO UGARTE',1,'COSTA\r'),
	('230111','TACNA','TACNA','LA YARADA LOS PALOS','LOS PALOS',1,'COSTA\r'),
	('230201','TACNA','CANDARAVE','CANDARAVE','CANDARAVE',2,'SIERRA\r'),
	('230202','TACNA','CANDARAVE','CAIRANI','CAIRANI',2,'SIERRA\r'),
	('230203','TACNA','CANDARAVE','CAMILACA','ALTO CAMILACA',2,'SIERRA\r'),
	('230204','TACNA','CANDARAVE','CURIBAYA','CURIBAYA',2,'SIERRA\r'),
	('230205','TACNA','CANDARAVE','HUANUARA','HUANUARA',2,'SIERRA\r'),
	('230206','TACNA','CANDARAVE','QUILAHUANI','QUILAHUANI',2,'SIERRA\r'),
	('230301','TACNA','JORGE BASADRE','LOCUMBA','LOCUMBA',1,'COSTA\r'),
	('230302','TACNA','JORGE BASADRE','ILABAYA','ILABAYA',1,'COSTA\r'),
	('230303','TACNA','JORGE BASADRE','ITE','ITE',1,'COSTA\r'),
	('230401','TACNA','TARATA','TARATA','TARATA',2,'SIERRA\r'),
	('230402','TACNA','TARATA','HEROES ALBARRACIN','CHUCATAMANI',2,'SIERRA\r'),
	('230403','TACNA','TARATA','ESTIQUE','ESTIQUE',2,'SIERRA\r'),
	('230404','TACNA','TARATA','ESTIQUE-PAMPA','ESTIQUE-PAMPA',2,'SIERRA\r'),
	('230405','TACNA','TARATA','SITAJARA','SITAJARA',2,'SIERRA\r'),
	('230406','TACNA','TARATA','SUSAPAYA','SUSAPAYA',2,'SIERRA\r'),
	('230407','TACNA','TARATA','TARUCACHI','TARUCACHI',2,'SIERRA\r'),
	('230408','TACNA','TARATA','TICACO','TICACO',2,'SIERRA\r'),
	('240101','TUMBES','TUMBES','TUMBES','TUMBES',1,'COSTA\r'),
	('240102','TUMBES','TUMBES','CORRALES','SAN PEDRO DE LOS INCAS',1,'COSTA\r'),
	('240103','TUMBES','TUMBES','LA CRUZ','CALETA CRUZ',1,'COSTA\r'),
	('240104','TUMBES','TUMBES','PAMPAS DE HOSPITAL','PAMPAS DE HOSPITAL',1,'COSTA\r'),
	('240105','TUMBES','TUMBES','SAN JACINTO','SAN JACINTO',1,'COSTA\r'),
	('240106','TUMBES','TUMBES','SAN JUAN DE LA VIRGEN','SAN JUAN DE LA VIRGEN',1,'COSTA\r'),
	('240201','TUMBES','CONTRALMIRANTE VILLAR','ZORRITOS','ZORRITOS',1,'COSTA\r'),
	('240202','TUMBES','CONTRALMIRANTE VILLAR','CASITAS','CAÑAVERAL',1,'COSTA\r'),
	('240203','TUMBES','CONTRALMIRANTE VILLAR','CANOAS DE PUNTA SAL','CANCAS',1,'COSTA\r'),
	('240301','TUMBES','ZARUMILLA','ZARUMILLA','ZARUMILLA',1,'COSTA\r'),
	('240302','TUMBES','ZARUMILLA','AGUAS VERDES','AGUAS VERDES',1,'COSTA\r'),
	('240303','TUMBES','ZARUMILLA','MATAPALO','MATAPALO',1,'COSTA\r'),
	('240304','TUMBES','ZARUMILLA','PAPAYAL','PAPAYAL',1,'COSTA\r'),
	('250101','UCAYALI','CORONEL PORTILLO','CALLERIA','PUCALLPA',4,'SELVA BAJA\r'),
	('250102','UCAYALI','CORONEL PORTILLO','CAMPOVERDE','CAMPO VERDE',4,'SELVA BAJA\r'),
	('250103','UCAYALI','CORONEL PORTILLO','IPARIA','IPARIA',4,'SELVA BAJA\r'),
	('250104','UCAYALI','CORONEL PORTILLO','MASISEA','MASISEA',4,'SELVA BAJA\r'),
	('250105','UCAYALI','CORONEL PORTILLO','YARINACOCHA','PUERTO CALLAO',4,'SELVA BAJA\r'),
	('250106','UCAYALI','CORONEL PORTILLO','NUEVA REQUENA','NUEVA REQUENA',4,'SELVA BAJA\r'),
	('250107','UCAYALI','CORONEL PORTILLO','MANANTAY','SAN FERNANDO',4,'SELVA BAJA\r'),
	('250201','UCAYALI','ATALAYA','RAIMONDI','ATALAYA',4,'SELVA BAJA\r'),
	('250202','UCAYALI','ATALAYA','SEPAHUA','SEPAHUA',4,'SELVA BAJA\r'),
	('250203','UCAYALI','ATALAYA','TAHUANIA','BOLOGNESI',4,'SELVA BAJA\r'),
	('250204','UCAYALI','ATALAYA','YURUA','BREU',4,'SELVA BAJA\r'),
	('250301','UCAYALI','PADRE ABAD','PADRE ABAD','AGUAYTIA',4,'SELVA BAJA\r'),
	('250302','UCAYALI','PADRE ABAD','IRAZOLA','SAN ALEJANDRO',4,'SELVA BAJA\r'),
	('250303','UCAYALI','PADRE ABAD','CURIMANA','CURIMANA',4,'SELVA BAJA\r'),
	('250304','UCAYALI','PADRE ABAD','NESHUYA','MONTE ALEGRE',4,'SELVA BAJA\r'),
	('250305','UCAYALI','PADRE ABAD','ALEXANDER VON HUMBOLDT','ALEXANDER VON HUMBOLDT',4,'SELVA BAJA\r'),
	('250306','UCAYALI','PADRE ABAD','HUIPOCA','HUIPOCA',4,'SELVA BAJA\r'),
	('250307','UCAYALI','PADRE ABAD','BOQUERON','BOQUERON',4,'SELVA BAJA\r'),
	('250401','UCAYALI','PURUS','PURUS','ESPERANZA',4,'SELVA BAJA'),
	('30101','APURIMAC','ABANCAY','ABANCAY','ABANCAY',2,'SIERRA\r'),
	('30102','APURIMAC','ABANCAY','CHACOCHE','CHACOCHE',2,'SIERRA\r'),
	('30103','APURIMAC','ABANCAY','CIRCA','CIRCA',2,'SIERRA\r'),
	('30104','APURIMAC','ABANCAY','CURAHUASI','CURAHUASI',2,'SIERRA\r'),
	('30105','APURIMAC','ABANCAY','HUANIPACA','HUANIPACA',2,'SIERRA\r'),
	('30106','APURIMAC','ABANCAY','LAMBRAMA','LAMBRAMA',2,'SIERRA\r'),
	('30107','APURIMAC','ABANCAY','PICHIRHUA','PICHIRHUA',2,'SIERRA\r'),
	('30108','APURIMAC','ABANCAY','SAN PEDRO DE CACHORA','CACHORA',2,'SIERRA\r'),
	('30109','APURIMAC','ABANCAY','TAMBURCO','TAMBURCO',2,'SIERRA\r'),
	('30201','APURIMAC','ANDAHUAYLAS','ANDAHUAYLAS','ANDAHUAYLAS',2,'SIERRA\r'),
	('30202','APURIMAC','ANDAHUAYLAS','ANDARAPA','ANDARAPA',2,'SIERRA\r'),
	('30203','APURIMAC','ANDAHUAYLAS','CHIARA','CHIARA',2,'SIERRA\r'),
	('30204','APURIMAC','ANDAHUAYLAS','HUANCARAMA','HUANCARAMA',2,'SIERRA\r'),
	('30205','APURIMAC','ANDAHUAYLAS','HUANCARAY','HUANCARAY',2,'SIERRA\r'),
	('30206','APURIMAC','ANDAHUAYLAS','HUAYANA','HUAYANA',2,'SIERRA\r'),
	('30207','APURIMAC','ANDAHUAYLAS','KISHUARA','KISHUARA',2,'SIERRA\r'),
	('30208','APURIMAC','ANDAHUAYLAS','PACOBAMBA','PACOBAMBA',2,'SIERRA\r'),
	('30209','APURIMAC','ANDAHUAYLAS','PACUCHA','PACUCHA',2,'SIERRA\r'),
	('30210','APURIMAC','ANDAHUAYLAS','PAMPACHIRI','PAMPACHIRI',2,'SIERRA\r'),
	('30211','APURIMAC','ANDAHUAYLAS','POMACOCHA','POMACOCHA',2,'SIERRA\r'),
	('30212','APURIMAC','ANDAHUAYLAS','SAN ANTONIO DE CACHI','SAN ANTONIO DE CACHI',2,'SIERRA\r'),
	('30213','APURIMAC','ANDAHUAYLAS','SAN JERONIMO','SAN JERONIMO',2,'SIERRA\r'),
	('30214','APURIMAC','ANDAHUAYLAS','SAN MIGUEL DE CHACCRAMPA','CHACCRAMPA',2,'SIERRA\r'),
	('30215','APURIMAC','ANDAHUAYLAS','SANTA MARIA DE CHICMO','SANTA MARIA DE CHICMO',2,'SIERRA\r'),
	('30216','APURIMAC','ANDAHUAYLAS','TALAVERA','TALAVERA',2,'SIERRA\r'),
	('30217','APURIMAC','ANDAHUAYLAS','TUMAY HUARACA','UMAMARCA',2,'SIERRA\r'),
	('30218','APURIMAC','ANDAHUAYLAS','TURPO','TURPO',2,'SIERRA\r'),
	('30219','APURIMAC','ANDAHUAYLAS','KAQUIABAMBA','KAQUIABAMBA',2,'SIERRA\r'),
	('30220','APURIMAC','ANDAHUAYLAS','JOSE MARIA ARGUEDAS','HUANCABAMBA',2,'SIERRA\r'),
	('30301','APURIMAC','ANTABAMBA','ANTABAMBA','ANTABAMBA',2,'SIERRA\r'),
	('30302','APURIMAC','ANTABAMBA','EL ORO','AYAHUAY',2,'SIERRA\r'),
	('30303','APURIMAC','ANTABAMBA','HUAQUIRCA','HUAQUIRCA',2,'SIERRA\r'),
	('30304','APURIMAC','ANTABAMBA','JUAN ESPINOZA MEDRANO','MOLLEBAMBA',2,'SIERRA\r'),
	('30305','APURIMAC','ANTABAMBA','OROPESA','OROPESA',2,'SIERRA\r'),
	('30306','APURIMAC','ANTABAMBA','PACHACONAS','PACHACONAS',2,'SIERRA\r'),
	('30307','APURIMAC','ANTABAMBA','SABAINO','SABAINO',2,'SIERRA\r'),
	('30401','APURIMAC','AYMARAES','CHALHUANCA','CHALHUANCA',2,'SIERRA\r'),
	('30402','APURIMAC','AYMARAES','CAPAYA','CAPAYA',2,'SIERRA\r'),
	('30403','APURIMAC','AYMARAES','CARAYBAMBA','CARAYBAMBA',2,'SIERRA\r'),
	('30404','APURIMAC','AYMARAES','CHAPIMARCA','CHAPIMARCA',2,'SIERRA\r'),
	('30405','APURIMAC','AYMARAES','COLCABAMBA','COLCABAMBA',2,'SIERRA\r'),
	('30406','APURIMAC','AYMARAES','COTARUSE','COTARUSE',2,'SIERRA\r'),
	('30407','APURIMAC','AYMARAES','IHUAYLLO','IHUAYLLO',2,'SIERRA\r'),
	('30408','APURIMAC','AYMARAES','JUSTO APU SAHUARAURA','PICHIHUA',2,'SIERRA\r'),
	('30409','APURIMAC','AYMARAES','LUCRE','LUCRE',2,'SIERRA\r'),
	('30410','APURIMAC','AYMARAES','POCOHUANCA','POCOHUANCA',2,'SIERRA\r'),
	('30411','APURIMAC','AYMARAES','SAN JUAN DE CHACÑA','SAN JUAN DE CHACÑA',2,'SIERRA\r'),
	('30412','APURIMAC','AYMARAES','SAÑAYCA','SAÑAYCA',2,'SIERRA\r'),
	('30413','APURIMAC','AYMARAES','SORAYA','SORAYA',2,'SIERRA\r'),
	('30414','APURIMAC','AYMARAES','TAPAIRIHUA','TAPAIRIHUA',2,'SIERRA\r'),
	('30415','APURIMAC','AYMARAES','TINTAY','TINTAY',2,'SIERRA\r'),
	('30416','APURIMAC','AYMARAES','TORAYA','TORAYA',2,'SIERRA\r'),
	('30417','APURIMAC','AYMARAES','YANACA','YANACA',2,'SIERRA\r'),
	('30501','APURIMAC','COTABAMBAS','TAMBOBAMBA','TAMBOBAMBA',2,'SIERRA\r'),
	('30502','APURIMAC','COTABAMBAS','COTABAMBAS','COTABAMBAS',2,'SIERRA\r'),
	('30503','APURIMAC','COTABAMBAS','COYLLURQUI','COYLLURQUI',2,'SIERRA\r'),
	('30504','APURIMAC','COTABAMBAS','HAQUIRA','HAQUIRA',2,'SIERRA\r'),
	('30505','APURIMAC','COTABAMBAS','MARA','MARA',2,'SIERRA\r'),
	('30506','APURIMAC','COTABAMBAS','CHALLHUAHUACHO','CHALLHUAHUACHO',2,'SIERRA\r'),
	('30601','APURIMAC','CHINCHEROS','CHINCHEROS','CHINCHEROS',2,'SIERRA\r'),
	('30602','APURIMAC','CHINCHEROS','ANCO_HUALLO','URIPA',2,'SIERRA\r'),
	('30603','APURIMAC','CHINCHEROS','COCHARCAS','COCHARCAS',2,'SIERRA\r'),
	('30604','APURIMAC','CHINCHEROS','HUACCANA','HUACCANA',2,'SIERRA\r'),
	('30605','APURIMAC','CHINCHEROS','OCOBAMBA','OCOBAMBA',2,'SIERRA\r'),
	('30606','APURIMAC','CHINCHEROS','ONGOY','ONGOY',2,'SIERRA\r'),
	('30607','APURIMAC','CHINCHEROS','URANMARCA','URANMARCA',2,'SIERRA\r'),
	('30608','APURIMAC','CHINCHEROS','RANRACANCHA','RANRACANCHA',2,'SIERRA\r'),
	('30609','APURIMAC','CHINCHEROS','ROCCHACC','ROCCHACC',2,'SIERRA\r'),
	('30610','APURIMAC','CHINCHEROS','EL PORVENIR','SAN PEDRO DE HUAMBURQUE',2,'SIERRA\r'),
	('30611','APURIMAC','CHINCHEROS','LOS CHANKAS','RIO BLANCO',2,'SIERRA\r'),
	('30612','APURIMAC','CHINCHEROS','AHUAYRO','AHUAYRO',2,'SIERRA\r'),
	('30701','APURIMAC','GRAU','CHUQUIBAMBILLA','CHUQUIBAMBILLA',2,'SIERRA\r'),
	('30702','APURIMAC','GRAU','CURPAHUASI','CURPAHUASI',2,'SIERRA\r'),
	('30703','APURIMAC','GRAU','GAMARRA','PALPACACHI',2,'SIERRA\r'),
	('30704','APURIMAC','GRAU','HUAYLLATI','HUAYLLATI',2,'SIERRA\r'),
	('30705','APURIMAC','GRAU','MAMARA','MAMARA',2,'SIERRA\r'),
	('30706','APURIMAC','GRAU','MICAELA BASTIDAS','AYRIHUANCA',2,'SIERRA\r'),
	('30707','APURIMAC','GRAU','PATAYPAMPA','PATAYPAMPA',2,'SIERRA\r'),
	('30708','APURIMAC','GRAU','PROGRESO','PROGRESO',2,'SIERRA\r'),
	('30709','APURIMAC','GRAU','SAN ANTONIO','SAN ANTONIO',2,'SIERRA\r'),
	('30710','APURIMAC','GRAU','SANTA ROSA','SANTA ROSA',2,'SIERRA\r'),
	('30711','APURIMAC','GRAU','TURPAY','TURPAY',2,'SIERRA\r'),
	('30712','APURIMAC','GRAU','VILCABAMBA','VILCABAMBA',2,'SIERRA\r'),
	('30713','APURIMAC','GRAU','VIRUNDO','SAN JUAN DE VIRUNDO',2,'SIERRA\r'),
	('30714','APURIMAC','GRAU','CURASCO','CURASCO',2,'SIERRA\r'),
	('40101','AREQUIPA','AREQUIPA','AREQUIPA','AREQUIPA',2,'SIERRA\r'),
	('40102','AREQUIPA','AREQUIPA','ALTO SELVA ALEGRE','SELVA ALEGRE',2,'SIERRA\r'),
	('40103','AREQUIPA','AREQUIPA','CAYMA','CAYMA',2,'SIERRA\r'),
	('40104','AREQUIPA','AREQUIPA','CERRO COLORADO','LA LIBERTAD',2,'SIERRA\r'),
	('40105','AREQUIPA','AREQUIPA','CHARACATO','CHARACATO',2,'SIERRA\r'),
	('40106','AREQUIPA','AREQUIPA','CHIGUATA','CHIGUATA',2,'SIERRA\r'),
	('40107','AREQUIPA','AREQUIPA','JACOBO HUNTER','JACOBO HUNTER',2,'SIERRA\r'),
	('40108','AREQUIPA','AREQUIPA','LA JOYA','LA JOYA',1,'COSTA\r'),
	('40109','AREQUIPA','AREQUIPA','MARIANO MELGAR','MARIANO MELGAR',2,'SIERRA\r'),
	('40110','AREQUIPA','AREQUIPA','MIRAFLORES','MIRAFLORES',2,'SIERRA\r'),
	('40111','AREQUIPA','AREQUIPA','MOLLEBAYA','MOLLEBAYA',2,'SIERRA\r'),
	('40112','AREQUIPA','AREQUIPA','PAUCARPATA','PAUCARPATA',2,'SIERRA\r'),
	('40113','AREQUIPA','AREQUIPA','POCSI','POCSI',2,'SIERRA\r'),
	('40114','AREQUIPA','AREQUIPA','POLOBAYA','POLOBAYA GRANDE',2,'SIERRA\r'),
	('40115','AREQUIPA','AREQUIPA','QUEQUEÑA','QUEQUEÑA',2,'SIERRA\r'),
	('40116','AREQUIPA','AREQUIPA','SABANDIA','SABANDIA',2,'SIERRA\r'),
	('40117','AREQUIPA','AREQUIPA','SACHACA','SACHACA',2,'SIERRA\r'),
	('40118','AREQUIPA','AREQUIPA','SAN JUAN DE SIGUAS','TAMBILLO /2',1,'COSTA\r'),
	('40119','AREQUIPA','AREQUIPA','SAN JUAN DE TARUCANI','TARUCANI',2,'SIERRA\r'),
	('40120','AREQUIPA','AREQUIPA','SANTA ISABEL DE SIGUAS','SANTA ISABEL DE SIGUAS',1,'COSTA\r'),
	('40121','AREQUIPA','AREQUIPA','SANTA RITA DE SIGUAS','SANTA RITA DE SIGUAS',1,'COSTA\r'),
	('40122','AREQUIPA','AREQUIPA','SOCABAYA','SOCABAYA',2,'SIERRA\r'),
	('40123','AREQUIPA','AREQUIPA','TIABAYA','TIABAYA',2,'SIERRA\r'),
	('40124','AREQUIPA','AREQUIPA','UCHUMAYO','UCHUMAYO',1,'COSTA\r'),
	('40125','AREQUIPA','AREQUIPA','VITOR','VITOR',1,'COSTA\r'),
	('40126','AREQUIPA','AREQUIPA','YANAHUARA','YANAHUARA',2,'SIERRA\r'),
	('40127','AREQUIPA','AREQUIPA','YARABAMBA','YARABAMBA',2,'SIERRA\r'),
	('40128','AREQUIPA','AREQUIPA','YURA','YURA',2,'SIERRA\r'),
	('40129','AREQUIPA','AREQUIPA','JOSE LUIS BUSTAMANTE Y RIVERO','CIUDAD SATELITE',2,'SIERRA\r'),
	('40201','AREQUIPA','CAMANA','CAMANA','CAMANA',1,'COSTA\r'),
	('40202','AREQUIPA','CAMANA','JOSE MARIA QUIMPER','EL CARDO',1,'COSTA\r'),
	('40203','AREQUIPA','CAMANA','MARIANO NICOLAS VALCARCEL','URASQUI',1,'COSTA\r'),
	('40204','AREQUIPA','CAMANA','MARISCAL CACERES','SAN JOSE',1,'COSTA\r'),
	('40205','AREQUIPA','CAMANA','NICOLAS DE PIEROLA','SAN GREGORIO',1,'COSTA\r'),
	('40206','AREQUIPA','CAMANA','OCOÑA','OCOÑA',1,'COSTA\r'),
	('40207','AREQUIPA','CAMANA','QUILCA','QUILCA',1,'COSTA\r'),
	('40208','AREQUIPA','CAMANA','SAMUEL PASTOR','LA PAMPA',1,'COSTA\r'),
	('40301','AREQUIPA','CARAVELI','CARAVELI','CARAVELI',1,'COSTA\r'),
	('40302','AREQUIPA','CARAVELI','ACARI','ACARI',1,'COSTA\r'),
	('40303','AREQUIPA','CARAVELI','ATICO','ATICO',1,'COSTA\r'),
	('40304','AREQUIPA','CARAVELI','ATIQUIPA','ATIQUIPA',1,'COSTA\r'),
	('40305','AREQUIPA','CARAVELI','BELLA UNION','BELLA UNION',1,'COSTA\r'),
	('40306','AREQUIPA','CARAVELI','CAHUACHO','CAHUACHO',2,'SIERRA\r'),
	('40307','AREQUIPA','CARAVELI','CHALA','CHALA',1,'COSTA\r'),
	('40308','AREQUIPA','CARAVELI','CHAPARRA','ACHANIZO',1,'COSTA\r'),
	('40309','AREQUIPA','CARAVELI','HUANUHUANU','TOCOTA',1,'COSTA\r'),
	('40310','AREQUIPA','CARAVELI','JAQUI','JAQUI',1,'COSTA\r'),
	('40311','AREQUIPA','CARAVELI','LOMAS','LOMAS',1,'COSTA\r'),
	('40312','AREQUIPA','CARAVELI','QUICACHA','QUICACHA',1,'COSTA\r'),
	('40313','AREQUIPA','CARAVELI','YAUCA','YAUCA',1,'COSTA\r'),
	('40401','AREQUIPA','CASTILLA','APLAO','APLAO',1,'COSTA\r'),
	('40402','AREQUIPA','CASTILLA','ANDAGUA','ANDAGUA',2,'SIERRA\r'),
	('40403','AREQUIPA','CASTILLA','AYO','AYO',2,'SIERRA\r'),
	('40404','AREQUIPA','CASTILLA','CHACHAS','CHACHAS',2,'SIERRA\r'),
	('40405','AREQUIPA','CASTILLA','CHILCAYMARCA','CHILCAYMARCA',2,'SIERRA\r'),
	('40406','AREQUIPA','CASTILLA','CHOCO','CHOCO',2,'SIERRA\r'),
	('40407','AREQUIPA','CASTILLA','HUANCARQUI','HUANCARQUI',1,'COSTA\r'),
	('40408','AREQUIPA','CASTILLA','MACHAGUAY','MACHAGUAY',2,'SIERRA\r'),
	('40409','AREQUIPA','CASTILLA','ORCOPAMPA','ORCOPAMPA',2,'SIERRA\r'),
	('40410','AREQUIPA','CASTILLA','PAMPACOLCA','PAMPACOLCA',2,'SIERRA\r'),
	('40411','AREQUIPA','CASTILLA','TIPAN','TIPAN',1,'COSTA\r'),
	('40412','AREQUIPA','CASTILLA','UÑON','UÑON',2,'SIERRA\r'),
	('40413','AREQUIPA','CASTILLA','URACA','CORIRE',1,'COSTA\r'),
	('40414','AREQUIPA','CASTILLA','VIRACO','VIRACO',2,'SIERRA\r'),
	('40501','AREQUIPA','CAYLLOMA','CHIVAY','CHIVAY',2,'SIERRA\r'),
	('40502','AREQUIPA','CAYLLOMA','ACHOMA','ACHOMA',2,'SIERRA\r'),
	('40503','AREQUIPA','CAYLLOMA','CABANACONDE','CABANACONDE',2,'SIERRA\r'),
	('40504','AREQUIPA','CAYLLOMA','CALLALLI','CALLALLI',2,'SIERRA\r'),
	('40505','AREQUIPA','CAYLLOMA','CAYLLOMA','CAYLLOMA',2,'SIERRA\r'),
	('40506','AREQUIPA','CAYLLOMA','COPORAQUE','COPORAQUE',2,'SIERRA\r'),
	('40507','AREQUIPA','CAYLLOMA','HUAMBO','HUAMBO',2,'SIERRA\r'),
	('40508','AREQUIPA','CAYLLOMA','HUANCA','HUANCA',2,'SIERRA\r'),
	('40509','AREQUIPA','CAYLLOMA','ICHUPAMPA','ICHUPAMPA',2,'SIERRA\r'),
	('40510','AREQUIPA','CAYLLOMA','LARI','LARI',2,'SIERRA\r'),
	('40511','AREQUIPA','CAYLLOMA','LLUTA','LLUTA',2,'SIERRA\r'),
	('40512','AREQUIPA','CAYLLOMA','MACA','MACA',2,'SIERRA\r'),
	('40513','AREQUIPA','CAYLLOMA','MADRIGAL','MADRIGAL',2,'SIERRA\r'),
	('40514','AREQUIPA','CAYLLOMA','SAN ANTONIO DE CHUCA','IMATA /3',2,'SIERRA\r'),
	('40515','AREQUIPA','CAYLLOMA','SIBAYO','SIBAYO',2,'SIERRA\r'),
	('40516','AREQUIPA','CAYLLOMA','TAPAY','TAPAY',2,'SIERRA\r'),
	('40517','AREQUIPA','CAYLLOMA','TISCO','TISCO',2,'SIERRA\r'),
	('40518','AREQUIPA','CAYLLOMA','TUTI','TUTI',2,'SIERRA\r'),
	('40519','AREQUIPA','CAYLLOMA','YANQUE','YANQUE',2,'SIERRA\r'),
	('40520','AREQUIPA','CAYLLOMA','MAJES','EL PEDREGAL',1,'COSTA\r'),
	('40601','AREQUIPA','CONDESUYOS','CHUQUIBAMBA','CHUQUIBAMBA',2,'SIERRA\r'),
	('40602','AREQUIPA','CONDESUYOS','ANDARAY','ANDARAY',2,'SIERRA\r'),
	('40603','AREQUIPA','CONDESUYOS','CAYARANI','CAYARANI',2,'SIERRA\r'),
	('40604','AREQUIPA','CONDESUYOS','CHICHAS','CHICHAS',2,'SIERRA\r'),
	('40605','AREQUIPA','CONDESUYOS','IRAY','IRAY',2,'SIERRA\r'),
	('40606','AREQUIPA','CONDESUYOS','RIO GRANDE','IQUIPI',1,'COSTA\r'),
	('40607','AREQUIPA','CONDESUYOS','SALAMANCA','SALAMANCA',2,'SIERRA\r'),
	('40608','AREQUIPA','CONDESUYOS','YANAQUIHUA','YANAQUIHUA',2,'SIERRA\r'),
	('40701','AREQUIPA','ISLAY','MOLLENDO','MOLLENDO',1,'COSTA\r'),
	('40702','AREQUIPA','ISLAY','COCACHACRA','COCACHACRA',1,'COSTA\r'),
	('40703','AREQUIPA','ISLAY','DEAN VALDIVIA','LA CURVA',1,'COSTA\r'),
	('40704','AREQUIPA','ISLAY','ISLAY','ISLAY (MATARANI)',1,'COSTA\r'),
	('40705','AREQUIPA','ISLAY','MEJIA','MEJIA',1,'COSTA\r'),
	('40706','AREQUIPA','ISLAY','PUNTA DE BOMBON','PUNTA DE BOMBON',1,'COSTA\r'),
	('40801','AREQUIPA','LA UNION','COTAHUASI','COTAHUASI',2,'SIERRA\r'),
	('40802','AREQUIPA','LA UNION','ALCA','ALCA',2,'SIERRA\r'),
	('40803','AREQUIPA','LA UNION','CHARCANA','CHARCANA',2,'SIERRA\r'),
	('40804','AREQUIPA','LA UNION','HUAYNACOTAS','TAURISMA',2,'SIERRA\r'),
	('40805','AREQUIPA','LA UNION','PAMPAMARCA','MUNGUI',2,'SIERRA\r'),
	('40806','AREQUIPA','LA UNION','PUYCA','PUYCA',2,'SIERRA\r'),
	('40807','AREQUIPA','LA UNION','QUECHUALLA','VELINGA',1,'COSTA\r'),
	('40808','AREQUIPA','LA UNION','SAYLA','SAYLA',2,'SIERRA\r'),
	('40809','AREQUIPA','LA UNION','TAURIA','TAURIA',2,'SIERRA\r'),
	('40810','AREQUIPA','LA UNION','TOMEPAMPA','TOMEPAMPA',2,'SIERRA\r'),
	('40811','AREQUIPA','LA UNION','TORO','TORO',2,'SIERRA\r'),
	('50101','AYACUCHO','HUAMANGA','AYACUCHO','AYACUCHO',2,'SIERRA\r'),
	('50102','AYACUCHO','HUAMANGA','ACOCRO','ACOCRO',2,'SIERRA\r'),
	('50103','AYACUCHO','HUAMANGA','ACOS VINCHOS','ACOS VINCHOS',2,'SIERRA\r'),
	('50104','AYACUCHO','HUAMANGA','CARMEN ALTO','CARMEN ALTO',2,'SIERRA\r'),
	('50105','AYACUCHO','HUAMANGA','CHIARA','CHIARA',2,'SIERRA\r'),
	('50106','AYACUCHO','HUAMANGA','OCROS','OCROS',2,'SIERRA\r'),
	('50107','AYACUCHO','HUAMANGA','PACAYCASA','PACAYCASA',2,'SIERRA\r'),
	('50108','AYACUCHO','HUAMANGA','QUINUA','QUINUA',2,'SIERRA\r'),
	('50109','AYACUCHO','HUAMANGA','SAN JOSE DE TICLLAS','TICLLAS',2,'SIERRA\r'),
	('50110','AYACUCHO','HUAMANGA','SAN JUAN BAUTISTA','SAN JUAN BAUTISTA',2,'SIERRA\r'),
	('50111','AYACUCHO','HUAMANGA','SANTIAGO DE PISCHA','SAN PEDRO DE CACHI',2,'SIERRA\r'),
	('50112','AYACUCHO','HUAMANGA','SOCOS','SOCOS',2,'SIERRA\r'),
	('50113','AYACUCHO','HUAMANGA','TAMBILLO','TAMBILLO',2,'SIERRA\r'),
	('50114','AYACUCHO','HUAMANGA','VINCHOS','VINCHOS',2,'SIERRA\r'),
	('50115','AYACUCHO','HUAMANGA','JESUS NAZARENO','LAS NAZARENAS',2,'SIERRA\r'),
	('50116','AYACUCHO','HUAMANGA','ANDRES AVELINO CACERES DORREGARAY','JARDÍN',2,'SIERRA\r'),
	('50201','AYACUCHO','CANGALLO','CANGALLO','CANGALLO',2,'SIERRA\r'),
	('50202','AYACUCHO','CANGALLO','CHUSCHI','CHUSCHI',2,'SIERRA\r'),
	('50203','AYACUCHO','CANGALLO','LOS MOROCHUCOS','PAMPA-CANGALLO',2,'SIERRA\r'),
	('50204','AYACUCHO','CANGALLO','MARIA PARADO DE BELLIDO','POMABAMBA',2,'SIERRA\r'),
	('50205','AYACUCHO','CANGALLO','PARAS','PARAS',2,'SIERRA\r'),
	('50206','AYACUCHO','CANGALLO','TOTOS','TOTOS',2,'SIERRA\r'),
	('50301','AYACUCHO','HUANCA SANCOS','SANCOS','HUANCA SANCOS',2,'SIERRA\r'),
	('50302','AYACUCHO','HUANCA SANCOS','CARAPO','CARAPO',2,'SIERRA\r'),
	('50303','AYACUCHO','HUANCA SANCOS','SACSAMARCA','SACSAMARCA',2,'SIERRA\r'),
	('50304','AYACUCHO','HUANCA SANCOS','SANTIAGO DE LUCANAMARCA','SANTIAGO DE LUCANAMARCA',2,'SIERRA\r'),
	('50401','AYACUCHO','HUANTA','HUANTA','HUANTA',2,'SIERRA\r'),
	('50402','AYACUCHO','HUANTA','AYAHUANCO','VIRACOCHAN',2,'SIERRA\r'),
	('50403','AYACUCHO','HUANTA','HUAMANGUILLA','HUAMANGUILLA',2,'SIERRA\r'),
	('50404','AYACUCHO','HUANTA','IGUAIN','MACACHACRA',2,'SIERRA\r'),
	('50405','AYACUCHO','HUANTA','LURICOCHA','LURICOCHA',2,'SIERRA\r'),
	('50406','AYACUCHO','HUANTA','SANTILLANA','SAN JOSE DE SECCE',2,'SIERRA\r'),
	('50407','AYACUCHO','HUANTA','SIVIA','SIVIA',3,'SELVA ALTA\r'),
	('50408','AYACUCHO','HUANTA','LLOCHEGUA','LLOCHEGUA',3,'SELVA ALTA\r'),
	('50409','AYACUCHO','HUANTA','CANAYRE','CANAYRE',3,'SELVA ALTA\r'),
	('50410','AYACUCHO','HUANTA','UCHURACCAY','HUAYNACANCHA',2,'SIERRA\r'),
	('50411','AYACUCHO','HUANTA','PUCACOLPA','HUALLHUA',2,'SIERRA\r'),
	('50412','AYACUCHO','HUANTA','CHACA','CHACA',2,'SIERRA\r'),
	('50413','AYACUCHO','HUANTA','PUTIS','RODEO',2,'SIERRA\r'),
	('50501','AYACUCHO','LA MAR','SAN MIGUEL','SAN MIGUEL',2,'SIERRA\r'),
	('50502','AYACUCHO','LA MAR','ANCO','CHIQUINTIRCA',2,'SIERRA\r'),
	('50503','AYACUCHO','LA MAR','AYNA','SAN FRANCISCO',3,'SELVA ALTA\r'),
	('50504','AYACUCHO','LA MAR','CHILCAS','CHILCAS',2,'SIERRA\r'),
	('50505','AYACUCHO','LA MAR','CHUNGUI','CHUNGUI',2,'SIERRA\r'),
	('50506','AYACUCHO','LA MAR','LUIS CARRANZA','PAMPAS',2,'SIERRA\r'),
	('50507','AYACUCHO','LA MAR','SANTA ROSA','SANTA ROSA',3,'SELVA ALTA\r'),
	('50508','AYACUCHO','LA MAR','TAMBO','TAMBO',2,'SIERRA\r'),
	('50509','AYACUCHO','LA MAR','SAMUGARI','PALMAPAMPA',3,'SELVA ALTA\r'),
	('50510','AYACUCHO','LA MAR','ANCHIHUAY','ANCHIHUAY',3,'SELVA ALTA\r'),
	('50511','AYACUCHO','LA MAR','ORONCCOY','ORONCCOY',2,'SIERRA\r'),
	('50512','AYACUCHO','LA MAR','UNION PROGRESO','SAN ANTONIO',3,'SELVA ALTA\r'),
	('50513','AYACUCHO','LA MAR','RIO MAGDALENA','MONTERRICO',3,'SELVA ALTA\r'),
	('50514','AYACUCHO','LA MAR','NINABAMBA','NINABAMBA',2,'SIERRA\r'),
	('50515','AYACUCHO','LA MAR','PATIBAMBA','PATIBAMBA',2,'SIERRA\r'),
	('50601','AYACUCHO','LUCANAS','PUQUIO','PUQUIO',2,'SIERRA\r'),
	('50602','AYACUCHO','LUCANAS','AUCARA','AUCARA',2,'SIERRA\r'),
	('50603','AYACUCHO','LUCANAS','CABANA','CABANA',2,'SIERRA\r'),
	('50604','AYACUCHO','LUCANAS','CARMEN SALCEDO','ANDAMARCA',2,'SIERRA\r'),
	('50605','AYACUCHO','LUCANAS','CHAVIÑA','CHAVIÑA',2,'SIERRA\r'),
	('50606','AYACUCHO','LUCANAS','CHIPAO','CHIPAO',2,'SIERRA\r'),
	('50607','AYACUCHO','LUCANAS','HUAC-HUAS','HUAC-HUAS',2,'SIERRA\r'),
	('50608','AYACUCHO','LUCANAS','LARAMATE','LARAMATE',2,'SIERRA\r'),
	('50609','AYACUCHO','LUCANAS','LEONCIO PRADO','TAMBO QUEMADO',2,'SIERRA\r'),
	('50610','AYACUCHO','LUCANAS','LLAUTA','LLAUTA',2,'SIERRA\r'),
	('50611','AYACUCHO','LUCANAS','LUCANAS','LUCANAS',2,'SIERRA\r'),
	('50612','AYACUCHO','LUCANAS','OCAÑA','OCAÑA',2,'SIERRA\r'),
	('50613','AYACUCHO','LUCANAS','OTOCA','OTOCA',1,'COSTA\r'),
	('50614','AYACUCHO','LUCANAS','SAISA','SAISA',2,'SIERRA\r'),
	('50615','AYACUCHO','LUCANAS','SAN CRISTOBAL','SAN CRISTOBAL',2,'SIERRA\r'),
	('50616','AYACUCHO','LUCANAS','SAN JUAN','SAN JUAN',2,'SIERRA\r'),
	('50617','AYACUCHO','LUCANAS','SAN PEDRO','SAN PEDRO',2,'SIERRA\r'),
	('50618','AYACUCHO','LUCANAS','SAN PEDRO DE PALCO','SAN PEDRO DE PALCO',2,'SIERRA\r'),
	('50619','AYACUCHO','LUCANAS','SANCOS','SANCOS',2,'SIERRA\r'),
	('50620','AYACUCHO','LUCANAS','SANTA ANA DE HUAYCAHUACHO','SANTA ANA DE HUAYCAHUACHO',2,'SIERRA\r'),
	('50621','AYACUCHO','LUCANAS','SANTA LUCIA','SANTA LUCIA',2,'SIERRA\r'),
	('50701','AYACUCHO','PARINACOCHAS','CORACORA','CORACORA',2,'SIERRA\r'),
	('50702','AYACUCHO','PARINACOCHAS','CHUMPI','CHUMPI',2,'SIERRA\r'),
	('50703','AYACUCHO','PARINACOCHAS','CORONEL CASTAÑEDA','ANISO',2,'SIERRA\r'),
	('50704','AYACUCHO','PARINACOCHAS','PACAPAUSA','PACAPAUSA',2,'SIERRA\r'),
	('50705','AYACUCHO','PARINACOCHAS','PULLO','PULLO',2,'SIERRA\r'),
	('50706','AYACUCHO','PARINACOCHAS','PUYUSCA','INCUYO',2,'SIERRA\r'),
	('50707','AYACUCHO','PARINACOCHAS','SAN FRANCISCO DE RIVACAYCO','SAN FRANCISCO DE RIVACAYCO',2,'SIERRA\r'),
	('50708','AYACUCHO','PARINACOCHAS','UPAHUACHO','UPAHUACHO',2,'SIERRA\r'),
	('50801','AYACUCHO','PAUCAR DEL SARA SARA','PAUSA','PAUSA',2,'SIERRA\r'),
	('50802','AYACUCHO','PAUCAR DEL SARA SARA','COLTA','COLTA',2,'SIERRA\r'),
	('50803','AYACUCHO','PAUCAR DEL SARA SARA','CORCULLA','CORCULLA',2,'SIERRA\r'),
	('50804','AYACUCHO','PAUCAR DEL SARA SARA','LAMPA','LAMPA',2,'SIERRA\r'),
	('50805','AYACUCHO','PAUCAR DEL SARA SARA','MARCABAMBA','MARCABAMBA',2,'SIERRA\r'),
	('50806','AYACUCHO','PAUCAR DEL SARA SARA','OYOLO','OYOLO',2,'SIERRA\r'),
	('50807','AYACUCHO','PAUCAR DEL SARA SARA','PARARCA','PARARCA',2,'SIERRA\r'),
	('50808','AYACUCHO','PAUCAR DEL SARA SARA','SAN JAVIER DE ALPABAMBA','SAN JAVIER DE ALPABAMBA',2,'SIERRA\r'),
	('50809','AYACUCHO','PAUCAR DEL SARA SARA','SAN JOSE DE USHUA','SAN JOSE DE USHUA',2,'SIERRA\r'),
	('50810','AYACUCHO','PAUCAR DEL SARA SARA','SARA SARA','QUILCATA',2,'SIERRA\r'),
	('50901','AYACUCHO','SUCRE','QUEROBAMBA','QUEROBAMBA',2,'SIERRA\r'),
	('50902','AYACUCHO','SUCRE','BELEN','BELEN',2,'SIERRA\r'),
	('50903','AYACUCHO','SUCRE','CHALCOS','CHALCOS',2,'SIERRA\r'),
	('50904','AYACUCHO','SUCRE','CHILCAYOC','CHILCAYOC',2,'SIERRA\r'),
	('50905','AYACUCHO','SUCRE','HUACAÑA','HUACAÑA',2,'SIERRA\r'),
	('50906','AYACUCHO','SUCRE','MORCOLLA','MORCOLLA',2,'SIERRA\r'),
	('50907','AYACUCHO','SUCRE','PAICO','PAICO',2,'SIERRA\r'),
	('50908','AYACUCHO','SUCRE','SAN PEDRO DE LARCAY','SAN PEDRO DE LARCAY',2,'SIERRA\r'),
	('50909','AYACUCHO','SUCRE','SAN SALVADOR DE QUIJE','SAN SALVADOR DE QUIJE',2,'SIERRA\r'),
	('50910','AYACUCHO','SUCRE','SANTIAGO DE PAUCARAY','SANTIAGO DE PAUCARAY',2,'SIERRA\r'),
	('50911','AYACUCHO','SUCRE','SORAS','SORAS',2,'SIERRA\r'),
	('51001','AYACUCHO','VICTOR FAJARDO','HUANCAPI','HUANCAPI',2,'SIERRA\r'),
	('51002','AYACUCHO','VICTOR FAJARDO','ALCAMENCA','ALCAMENCA',2,'SIERRA\r'),
	('51003','AYACUCHO','VICTOR FAJARDO','APONGO','APONGO',2,'SIERRA\r'),
	('51004','AYACUCHO','VICTOR FAJARDO','ASQUIPATA','ASQUIPATA',2,'SIERRA\r'),
	('51005','AYACUCHO','VICTOR FAJARDO','CANARIA','CANARIA',2,'SIERRA\r'),
	('51006','AYACUCHO','VICTOR FAJARDO','CAYARA','CAYARA',2,'SIERRA\r'),
	('51007','AYACUCHO','VICTOR FAJARDO','COLCA','COLCA',2,'SIERRA\r'),
	('51008','AYACUCHO','VICTOR FAJARDO','HUAMANQUIQUIA','HUAMANQUIQUIA',2,'SIERRA\r'),
	('51009','AYACUCHO','VICTOR FAJARDO','HUANCARAYLLA','HUANCARAYLLA',2,'SIERRA\r'),
	('51010','AYACUCHO','VICTOR FAJARDO','HUALLA','SAN PEDRO DE HUAYA',2,'SIERRA\r'),
	('51011','AYACUCHO','VICTOR FAJARDO','SARHUA','SARHUA',2,'SIERRA\r'),
	('51012','AYACUCHO','VICTOR FAJARDO','VILCANCHOS','VILCANCHOS',2,'SIERRA\r'),
	('51101','AYACUCHO','VILCAS HUAMAN','VILCAS HUAMAN','VILCAS HUAMAN',2,'SIERRA\r'),
	('51102','AYACUCHO','VILCAS HUAMAN','ACCOMARCA','ACCOMARCA',2,'SIERRA\r'),
	('51103','AYACUCHO','VILCAS HUAMAN','CARHUANCA','CARHUANCA',2,'SIERRA\r'),
	('51104','AYACUCHO','VILCAS HUAMAN','CONCEPCION','CONCEPCION',2,'SIERRA\r'),
	('51105','AYACUCHO','VILCAS HUAMAN','HUAMBALPA','HUAMBALPA',2,'SIERRA\r'),
	('51106','AYACUCHO','VILCAS HUAMAN','INDEPENDENCIA','NUEVO PACCHA HUALLHUA /4',2,'SIERRA\r'),
	('51107','AYACUCHO','VILCAS HUAMAN','SAURAMA','SAURAMA',2,'SIERRA\r'),
	('51108','AYACUCHO','VILCAS HUAMAN','VISCHONGO','VISCHONGO',2,'SIERRA\r'),
	('60101','CAJAMARCA','CAJAMARCA','CAJAMARCA','CAJAMARCA',2,'SIERRA\r'),
	('60102','CAJAMARCA','CAJAMARCA','ASUNCION','ASUNCION',2,'SIERRA\r'),
	('60103','CAJAMARCA','CAJAMARCA','CHETILLA','CHETILLA',2,'SIERRA\r'),
	('60104','CAJAMARCA','CAJAMARCA','COSPAN','COSPAN',2,'SIERRA\r'),
	('60105','CAJAMARCA','CAJAMARCA','ENCAÑADA','ENCAÑADA',2,'SIERRA\r'),
	('60106','CAJAMARCA','CAJAMARCA','JESUS','JESUS',2,'SIERRA\r'),
	('60107','CAJAMARCA','CAJAMARCA','LLACANORA','LLACANORA',2,'SIERRA\r'),
	('60108','CAJAMARCA','CAJAMARCA','LOS BAÑOS DEL INCA','LOS BAÑOS DEL INCA',2,'SIERRA\r'),
	('60109','CAJAMARCA','CAJAMARCA','MAGDALENA','MAGDALENA',1,'COSTA\r'),
	('60110','CAJAMARCA','CAJAMARCA','MATARA','MATARA',2,'SIERRA\r'),
	('60111','CAJAMARCA','CAJAMARCA','NAMORA','NAMORA',2,'SIERRA\r'),
	('60112','CAJAMARCA','CAJAMARCA','SAN JUAN','SAN JUAN',2,'SIERRA\r'),
	('60201','CAJAMARCA','CAJABAMBA','CAJABAMBA','CAJABAMBA',2,'SIERRA\r'),
	('60202','CAJAMARCA','CAJABAMBA','CACHACHI','CACHACHI',2,'SIERRA\r'),
	('60203','CAJAMARCA','CAJABAMBA','CONDEBAMBA','CAUDAY',2,'SIERRA\r'),
	('60204','CAJAMARCA','CAJABAMBA','SITACOCHA','LLUCHUBAMBA',2,'SIERRA\r'),
	('60301','CAJAMARCA','CELENDIN','CELENDIN','CELENDIN',2,'SIERRA\r'),
	('60302','CAJAMARCA','CELENDIN','CHUMUCH','CHUMUCH',2,'SIERRA\r'),
	('60303','CAJAMARCA','CELENDIN','CORTEGANA','CHIMUCH (CORTEGANA)',2,'SIERRA\r'),
	('60304','CAJAMARCA','CELENDIN','HUASMIN','HUASMIN',2,'SIERRA\r'),
	('60305','CAJAMARCA','CELENDIN','JORGE CHAVEZ','LUCMAPAMPA',2,'SIERRA\r'),
	('60306','CAJAMARCA','CELENDIN','JOSE GALVEZ','HUACAPAMPA',2,'SIERRA\r'),
	('60307','CAJAMARCA','CELENDIN','MIGUEL IGLESIAS','CHALAN',2,'SIERRA\r'),
	('60308','CAJAMARCA','CELENDIN','OXAMARCA','OXAMARCA',2,'SIERRA\r'),
	('60309','CAJAMARCA','CELENDIN','SOROCHUCO','SOROCHUCO',2,'SIERRA\r'),
	('60310','CAJAMARCA','CELENDIN','SUCRE','SUCRE',2,'SIERRA\r'),
	('60311','CAJAMARCA','CELENDIN','UTCO','UTCO',2,'SIERRA\r'),
	('60312','CAJAMARCA','CELENDIN','LA LIBERTAD DE PALLAN','LA LIBERTAD DE PALLAN',2,'SIERRA\r'),
	('60401','CAJAMARCA','CHOTA','CHOTA','CHOTA',2,'SIERRA\r'),
	('60402','CAJAMARCA','CHOTA','ANGUIA','ANGUIA',2,'SIERRA\r'),
	('60403','CAJAMARCA','CHOTA','CHADIN','CHADIN',2,'SIERRA\r'),
	('60404','CAJAMARCA','CHOTA','CHIGUIRIP','CHIGUIRIP',2,'SIERRA\r'),
	('60405','CAJAMARCA','CHOTA','CHIMBAN','CHIMBAN',3,'SELVA ALTA\r'),
	('60406','CAJAMARCA','CHOTA','CHOROPAMPA','CHOROPAMPA',2,'SIERRA\r'),
	('60407','CAJAMARCA','CHOTA','COCHABAMBA','COCHABAMBA',3,'SELVA ALTA\r'),
	('60408','CAJAMARCA','CHOTA','CONCHAN','CONCHAN',2,'SIERRA\r'),
	('60409','CAJAMARCA','CHOTA','HUAMBOS','HUAMBOS',2,'SIERRA\r'),
	('60410','CAJAMARCA','CHOTA','LAJAS','LAJAS',2,'SIERRA\r'),
	('60411','CAJAMARCA','CHOTA','LLAMA','LLAMA',2,'SIERRA\r'),
	('60412','CAJAMARCA','CHOTA','MIRACOSTA','MIRACOSTA',2,'SIERRA\r'),
	('60413','CAJAMARCA','CHOTA','PACCHA','PACCHA',2,'SIERRA\r'),
	('60414','CAJAMARCA','CHOTA','PION','PION',3,'SELVA ALTA\r'),
	('60415','CAJAMARCA','CHOTA','QUEROCOTO','QUEROCOTO',2,'SIERRA\r'),
	('60416','CAJAMARCA','CHOTA','SAN JUAN DE LICUPIS','LICUPIS',2,'SIERRA\r'),
	('60417','CAJAMARCA','CHOTA','TACABAMBA','TACABAMBA',2,'SIERRA\r'),
	('60418','CAJAMARCA','CHOTA','TOCMOCHE','TOCMOCHE',1,'COSTA\r'),
	('60419','CAJAMARCA','CHOTA','CHALAMARCA','CHALAMARCA',2,'SIERRA\r'),
	('60501','CAJAMARCA','CONTUMAZA','CONTUMAZA','CONTUMAZA',2,'SIERRA\r'),
	('60502','CAJAMARCA','CONTUMAZA','CHILETE','CHILETE',1,'COSTA\r'),
	('60503','CAJAMARCA','CONTUMAZA','CUPISNIQUE','TRINIDAD',1,'COSTA\r'),
	('60504','CAJAMARCA','CONTUMAZA','GUZMANGO','GUZMANGO',2,'SIERRA\r'),
	('60505','CAJAMARCA','CONTUMAZA','SAN BENITO','SAN BENITO',1,'COSTA\r'),
	('60506','CAJAMARCA','CONTUMAZA','SANTA CRUZ DE TOLED','SANTA CRUZ DE TOLED',2,'SIERRA\r'),
	('60507','CAJAMARCA','CONTUMAZA','TANTARICA','CATAN',2,'SIERRA\r'),
	('60508','CAJAMARCA','CONTUMAZA','YONAN','TEMBLADERA',1,'COSTA\r'),
	('60601','CAJAMARCA','CUTERVO','CUTERVO','CUTERVO',2,'SIERRA\r'),
	('60602','CAJAMARCA','CUTERVO','CALLAYUC','CALLAYUC',3,'SELVA ALTA\r'),
	('60603','CAJAMARCA','CUTERVO','CHOROS','CHOROS',4,'SELVA BAJA\r'),
	('60604','CAJAMARCA','CUTERVO','CUJILLO','CUJILLO',3,'SELVA ALTA\r'),
	('60605','CAJAMARCA','CUTERVO','LA RAMADA','LA RAMADA',2,'SIERRA\r'),
	('60606','CAJAMARCA','CUTERVO','PIMPINGOS','PIMPINGOS',3,'SELVA ALTA\r'),
	('60607','CAJAMARCA','CUTERVO','QUEROCOTILLO','QUEROCOTILLO',2,'SIERRA\r'),
	('60608','CAJAMARCA','CUTERVO','SAN ANDRES DE CUTERVO','SAN ANDRES DE CUTERVO',2,'SIERRA\r'),
	('60609','CAJAMARCA','CUTERVO','SAN JUAN DE CUTERVO','SAN JUAN DE CUTERVO',3,'SELVA ALTA\r'),
	('60610','CAJAMARCA','CUTERVO','SAN LUIS DE LUCMA','SAN LUIS DE LUCMA',3,'SELVA ALTA\r'),
	('60611','CAJAMARCA','CUTERVO','SANTA CRUZ','SANTA CRUZ',3,'SELVA ALTA\r'),
	('60612','CAJAMARCA','CUTERVO','SANTO DOMINGO DE LA CAPILLA','SANTO DOMINGO DE LA CAPILLA',3,'SELVA ALTA\r'),
	('60613','CAJAMARCA','CUTERVO','SANTO TOMAS','SANTO TOMAS',2,'SIERRA\r'),
	('60614','CAJAMARCA','CUTERVO','SOCOTA','SOCOTA',3,'SELVA ALTA\r'),
	('60615','CAJAMARCA','CUTERVO','TORIBIO CASANOVA','LA SACILIA',3,'SELVA ALTA\r'),
	('60701','CAJAMARCA','HUALGAYOC','BAMBAMARCA','BAMBAMARCA',2,'SIERRA\r'),
	('60702','CAJAMARCA','HUALGAYOC','CHUGUR','CHUGUR',2,'SIERRA\r'),
	('60703','CAJAMARCA','HUALGAYOC','HUALGAYOC','HUALGAYOC',2,'SIERRA\r'),
	('60801','CAJAMARCA','JAEN','JAEN','JAEN',3,'SELVA ALTA\r'),
	('60802','CAJAMARCA','JAEN','BELLAVISTA','BELLAVISTA',4,'SELVA BAJA\r'),
	('60803','CAJAMARCA','JAEN','CHONTALI','CHONTALI',3,'SELVA ALTA\r'),
	('60804','CAJAMARCA','JAEN','COLASAY','COLASAY',3,'SELVA ALTA\r'),
	('60805','CAJAMARCA','JAEN','HUABAL','HUABAL',3,'SELVA ALTA\r'),
	('60806','CAJAMARCA','JAEN','LAS PIRIAS','LAS PIRIAS',3,'SELVA ALTA\r'),
	('60807','CAJAMARCA','JAEN','POMAHUACA','POMAHUACA',3,'SELVA ALTA\r'),
	('60808','CAJAMARCA','JAEN','PUCARA','PUCARA',3,'SELVA ALTA\r'),
	('60809','CAJAMARCA','JAEN','SALLIQUE','SALLIQUE',3,'SELVA ALTA\r'),
	('60810','CAJAMARCA','JAEN','SAN FELIPE','SAN FELIPE',3,'SELVA ALTA\r'),
	('60811','CAJAMARCA','JAEN','SAN JOSE DEL ALTO','SAN JOSE DEL ALTO',3,'SELVA ALTA\r'),
	('60812','CAJAMARCA','JAEN','SANTA ROSA','SANTA ROSA',3,'SELVA ALTA\r'),
	('60901','CAJAMARCA','SAN IGNACIO','SAN IGNACIO','SAN IGNACIO',3,'SELVA ALTA\r'),
	('60902','CAJAMARCA','SAN IGNACIO','CHIRINOS','CHIRINOS',3,'SELVA ALTA\r'),
	('60903','CAJAMARCA','SAN IGNACIO','HUARANGO','HUARANGO',3,'SELVA ALTA\r'),
	('60904','CAJAMARCA','SAN IGNACIO','LA COIPA','LA COIPA',3,'SELVA ALTA\r'),
	('60905','CAJAMARCA','SAN IGNACIO','NAMBALLE','NAMBALLE',3,'SELVA ALTA\r'),
	('60906','CAJAMARCA','SAN IGNACIO','SAN JOSE DE LOURDES','SAN JOSE DE LOURDES',3,'SELVA ALTA\r'),
	('60907','CAJAMARCA','SAN IGNACIO','TABACONAS','TABACONAS',3,'SELVA ALTA\r'),
	('61001','CAJAMARCA','SAN MARCOS','PEDRO GALVEZ','SAN MARCOS',2,'SIERRA\r'),
	('61002','CAJAMARCA','SAN MARCOS','CHANCAY','CHANCAY',2,'SIERRA\r'),
	('61003','CAJAMARCA','SAN MARCOS','EDUARDO VILLANUEVA','LA GRAMA',2,'SIERRA\r'),
	('61004','CAJAMARCA','SAN MARCOS','GREGORIO PITA','PAUCAMARCA',2,'SIERRA\r'),
	('61005','CAJAMARCA','SAN MARCOS','ICHOCAN','ICHOCAN',2,'SIERRA\r'),
	('61006','CAJAMARCA','SAN MARCOS','JOSE MANUEL QUIROZ','SHIRAC',2,'SIERRA\r'),
	('61007','CAJAMARCA','SAN MARCOS','JOSE SABOGAL','VENECIA',2,'SIERRA\r'),
	('61101','CAJAMARCA','SAN MIGUEL','SAN MIGUEL','SAN MIGUEL DE PALLAQUES',2,'SIERRA\r'),
	('61102','CAJAMARCA','SAN MIGUEL','BOLIVAR','BOLIVAR',1,'COSTA\r'),
	('61103','CAJAMARCA','SAN MIGUEL','CALQUIS','CALQUIS',2,'SIERRA\r'),
	('61104','CAJAMARCA','SAN MIGUEL','CATILLUC','CATILLUC',2,'SIERRA\r'),
	('61105','CAJAMARCA','SAN MIGUEL','EL PRADO','EL PRADO',2,'SIERRA\r'),
	('61106','CAJAMARCA','SAN MIGUEL','LA FLORIDA','LA FLORIDA',1,'COSTA\r'),
	('61107','CAJAMARCA','SAN MIGUEL','LLAPA','LLAPA',2,'SIERRA\r'),
	('61108','CAJAMARCA','SAN MIGUEL','NANCHOC','NANCHOC',1,'COSTA\r'),
	('61109','CAJAMARCA','SAN MIGUEL','NIEPOS','NIEPOS',2,'SIERRA\r'),
	('61110','CAJAMARCA','SAN MIGUEL','SAN GREGORIO','SAN GREGORIO',1,'COSTA\r'),
	('61111','CAJAMARCA','SAN MIGUEL','SAN SILVESTRE DE COCHAN','SAN SILVESTRE DE COCHAN',2,'SIERRA\r'),
	('61112','CAJAMARCA','SAN MIGUEL','TONGOD','TONGOD',2,'SIERRA\r'),
	('61113','CAJAMARCA','SAN MIGUEL','UNION AGUA BLANCA','AGUA BLANCA',2,'SIERRA\r'),
	('61201','CAJAMARCA','SAN PABLO','SAN PABLO','SAN PABLO',2,'SIERRA\r'),
	('61202','CAJAMARCA','SAN PABLO','SAN BERNARDINO','SAN BERNARDINO',1,'COSTA\r'),
	('61203','CAJAMARCA','SAN PABLO','SAN LUIS','SAN LUIS GRANDE',1,'COSTA\r'),
	('61204','CAJAMARCA','SAN PABLO','TUMBADEN','TUMBADEN',2,'SIERRA\r'),
	('61301','CAJAMARCA','SANTA CRUZ','SANTA CRUZ','SANTA CRUZ DE SUCCHABAMBA',2,'SIERRA\r'),
	('61302','CAJAMARCA','SANTA CRUZ','ANDABAMBA','ANDABAMBA',2,'SIERRA\r'),
	('61303','CAJAMARCA','SANTA CRUZ','CATACHE','CATACHE',1,'COSTA\r'),
	('61304','CAJAMARCA','SANTA CRUZ','CHANCAYBAÑOS','CHANCAYBAÑOS',1,'COSTA\r'),
	('61305','CAJAMARCA','SANTA CRUZ','LA ESPERANZA','LA ESPERANZA',1,'COSTA\r'),
	('61306','CAJAMARCA','SANTA CRUZ','NINABAMBA','NINABAMBA',2,'SIERRA\r'),
	('61307','CAJAMARCA','SANTA CRUZ','PULAN','PULAN',2,'SIERRA\r'),
	('61308','CAJAMARCA','SANTA CRUZ','SAUCEPAMPA','SAUCEPAMPA',1,'COSTA\r'),
	('61309','CAJAMARCA','SANTA CRUZ','SEXI','SEXI',2,'SIERRA\r'),
	('61310','CAJAMARCA','SANTA CRUZ','UTICYACU','UTICYACU',2,'SIERRA\r'),
	('61311','CAJAMARCA','SANTA CRUZ','YAUYUCAN','YAUYUCAN',2,'SIERRA\r'),
	('70101','CALLAO','CALLAO','CALLAO','CALLAO',1,'COSTA\r'),
	('70102','CALLAO','CALLAO','BELLAVISTA','BELLAVISTA',1,'COSTA\r'),
	('70103','CALLAO','CALLAO','CARMEN DE LA LEGUA REYNOSO','CARMEN DE LA LEGUA REYNOSO',1,'COSTA\r'),
	('70104','CALLAO','CALLAO','LA PERLA','LA PERLA',1,'COSTA\r'),
	('70105','CALLAO','CALLAO','LA PUNTA','LA PUNTA',1,'COSTA\r'),
	('70106','CALLAO','CALLAO','VENTANILLA','VENTANILLA',1,'COSTA\r'),
	('70107','CALLAO','CALLAO','MI PERU','MI PERU',1,'COSTA\r'),
	('80101','CUSCO','CUSCO','CUSCO','CUSCO',2,'SIERRA\r'),
	('80102','CUSCO','CUSCO','CCORCA','CCORCA',2,'SIERRA\r'),
	('80103','CUSCO','CUSCO','POROY','POROY',2,'SIERRA\r'),
	('80104','CUSCO','CUSCO','SAN JERONIMO','SAN JERONIMO',2,'SIERRA\r'),
	('80105','CUSCO','CUSCO','SAN SEBASTIAN','SAN SEBASTIAN',2,'SIERRA\r'),
	('80106','CUSCO','CUSCO','SANTIAGO','SANTIAGO',2,'SIERRA\r'),
	('80107','CUSCO','CUSCO','SAYLLA','SAYLLA',2,'SIERRA\r'),
	('80108','CUSCO','CUSCO','WANCHAQ','WANCHAQ',2,'SIERRA\r'),
	('80201','CUSCO','ACOMAYO','ACOMAYO','ACOMAYO',2,'SIERRA\r'),
	('80202','CUSCO','ACOMAYO','ACOPIA','ACOPIA',2,'SIERRA\r'),
	('80203','CUSCO','ACOMAYO','ACOS','ACOS',2,'SIERRA\r'),
	('80204','CUSCO','ACOMAYO','MOSOC LLACTA','MOSOC LLACTA',2,'SIERRA\r'),
	('80205','CUSCO','ACOMAYO','POMACANCHI','POMACANCHI',2,'SIERRA\r'),
	('80206','CUSCO','ACOMAYO','RONDOCAN','RONDOCAN',2,'SIERRA\r'),
	('80207','CUSCO','ACOMAYO','SANGARARA','SANGARARA',2,'SIERRA\r'),
	('80301','CUSCO','ANTA','ANTA','ANTA',2,'SIERRA\r'),
	('80302','CUSCO','ANTA','ANCAHUASI','ANCAHUASI',2,'SIERRA\r'),
	('80303','CUSCO','ANTA','CACHIMAYO','CACHIMAYO',2,'SIERRA\r'),
	('80304','CUSCO','ANTA','CHINCHAYPUJIO','CHINCHAYPUJIO',2,'SIERRA\r'),
	('80305','CUSCO','ANTA','HUAROCONDO','HUAROCONDO',2,'SIERRA\r'),
	('80306','CUSCO','ANTA','LIMATAMBO','LIMATAMBO',2,'SIERRA\r'),
	('80307','CUSCO','ANTA','MOLLEPATA','MOLLEPATA',2,'SIERRA\r'),
	('80308','CUSCO','ANTA','PUCYURA','PUCYURA',2,'SIERRA\r'),
	('80309','CUSCO','ANTA','ZURITE','ZURITE',2,'SIERRA\r'),
	('80401','CUSCO','CALCA','CALCA','CALCA',2,'SIERRA\r'),
	('80402','CUSCO','CALCA','COYA','COYA',2,'SIERRA\r'),
	('80403','CUSCO','CALCA','LAMAY','LAMAY',2,'SIERRA\r'),
	('80404','CUSCO','CALCA','LARES','LARES',2,'SIERRA\r'),
	('80405','CUSCO','CALCA','PISAC','PISAC',2,'SIERRA\r'),
	('80406','CUSCO','CALCA','SAN SALVADOR','SAN SALVADOR',2,'SIERRA\r'),
	('80407','CUSCO','CALCA','TARAY','TARAY',2,'SIERRA\r'),
	('80408','CUSCO','CALCA','YANATILE','QUEBRADA HONDA',3,'SELVA ALTA\r'),
	('80501','CUSCO','CANAS','YANAOCA','YANAOCA',2,'SIERRA\r'),
	('80502','CUSCO','CANAS','CHECCA','CHECCA',2,'SIERRA\r'),
	('80503','CUSCO','CANAS','KUNTURKANKI','EL DESCANSO',2,'SIERRA\r'),
	('80504','CUSCO','CANAS','LANGUI','LANGUI',2,'SIERRA\r'),
	('80505','CUSCO','CANAS','LAYO','LAYO',2,'SIERRA\r'),
	('80506','CUSCO','CANAS','PAMPAMARCA','PAMPAMARCA',2,'SIERRA\r'),
	('80507','CUSCO','CANAS','QUEHUE','QUEHUE',2,'SIERRA\r'),
	('80508','CUSCO','CANAS','TUPAC AMARU','TUNGASUCA',2,'SIERRA\r'),
	('80601','CUSCO','CANCHIS','SICUANI','SICUANI',2,'SIERRA\r'),
	('80602','CUSCO','CANCHIS','CHECACUPE','CHECACUPE',2,'SIERRA\r'),
	('80603','CUSCO','CANCHIS','COMBAPATA','COMBAPATA',2,'SIERRA\r'),
	('80604','CUSCO','CANCHIS','MARANGANI','MARANGANI',2,'SIERRA\r'),
	('80605','CUSCO','CANCHIS','PITUMARCA','PITUMARCA',2,'SIERRA\r'),
	('80606','CUSCO','CANCHIS','SAN PABLO','SAN PABLO',2,'SIERRA\r'),
	('80607','CUSCO','CANCHIS','SAN PEDRO','SAN PEDRO',2,'SIERRA\r'),
	('80608','CUSCO','CANCHIS','TINTA','TINTA',2,'SIERRA\r'),
	('80701','CUSCO','CHUMBIVILCAS','SANTO TOMAS','SANTO TOMAS',2,'SIERRA\r'),
	('80702','CUSCO','CHUMBIVILCAS','CAPACMARCA','CAPACMARCA',2,'SIERRA\r'),
	('80703','CUSCO','CHUMBIVILCAS','CHAMACA','CHAMACA',2,'SIERRA\r'),
	('80704','CUSCO','CHUMBIVILCAS','COLQUEMARCA','COLQUEMARCA',2,'SIERRA\r'),
	('80705','CUSCO','CHUMBIVILCAS','LIVITACA','LIVITACA',2,'SIERRA\r'),
	('80706','CUSCO','CHUMBIVILCAS','LLUSCO','LLUSCO',2,'SIERRA\r'),
	('80707','CUSCO','CHUMBIVILCAS','QUIÑOTA','QUIÑOTA',2,'SIERRA\r'),
	('80708','CUSCO','CHUMBIVILCAS','VELILLE','VELILLE',2,'SIERRA\r'),
	('80801','CUSCO','ESPINAR','ESPINAR','YAURI',2,'SIERRA\r'),
	('80802','CUSCO','ESPINAR','CONDOROMA','CONDOROMA',2,'SIERRA\r'),
	('80803','CUSCO','ESPINAR','COPORAQUE','COPORAQUE',2,'SIERRA\r'),
	('80804','CUSCO','ESPINAR','OCORURO','OCORURO',2,'SIERRA\r'),
	('80805','CUSCO','ESPINAR','PALLPATA','HECTOR TEJADA',2,'SIERRA\r'),
	('80806','CUSCO','ESPINAR','PICHIGUA','PICHIGUA',2,'SIERRA\r'),
	('80807','CUSCO','ESPINAR','SUYCKUTAMBO','VIRGINIYOC /5',2,'SIERRA\r'),
	('80808','CUSCO','ESPINAR','ALTO PICHIGUA','ACCOCUNCA',2,'SIERRA\r'),
	('80901','CUSCO','LA CONVENCION','SANTA ANA','QUILLABAMBA',3,'SELVA ALTA\r'),
	('80902','CUSCO','LA CONVENCION','ECHARATE','ECHARATE',3,'SELVA ALTA\r'),
	('80903','CUSCO','LA CONVENCION','HUAYOPATA','HUYRO /6',3,'SELVA ALTA\r'),
	('80904','CUSCO','LA CONVENCION','MARANURA','MARANURA',3,'SELVA ALTA\r'),
	('80905','CUSCO','LA CONVENCION','OCOBAMBA','KQUELCCAYBAMBA /7',3,'SELVA ALTA\r'),
	('80906','CUSCO','LA CONVENCION','QUELLOUNO','QUELLOUNO',3,'SELVA ALTA\r'),
	('80907','CUSCO','LA CONVENCION','KIMBIRI','KIMBIRI',3,'SELVA ALTA\r'),
	('80908','CUSCO','LA CONVENCION','SANTA TERESA','SANTA TERESA',3,'SELVA ALTA\r'),
	('80909','CUSCO','LA CONVENCION','VILCABAMBA','LUCMA',2,'SIERRA\r'),
	('80910','CUSCO','LA CONVENCION','PICHARI','PICHARI',3,'SELVA ALTA\r'),
	('80911','CUSCO','LA CONVENCION','INKAWASI','AMAYBAMBA',3,'SELVA ALTA\r'),
	('80912','CUSCO','LA CONVENCION','VILLA VIRGEN','VILLA VIRGEN',3,'SELVA ALTA\r'),
	('80913','CUSCO','LA CONVENCION','VILLA KINTIARINA','VILLA KINTIARINA',3,'SELVA ALTA\r'),
	('80914','CUSCO','LA CONVENCION','MEGANTONI','CAMISEA',4,'SELVA BAJA\r'),
	('80915','CUSCO','LA CONVENCION','KUMPIRUSHIATO','KEPASHIATO',3,'SELVA ALTA\r'),
	('80916','CUSCO','LA CONVENCION','CIELO PUNCO','CHIRUMPIARI',3,'SELVA ALTA\r'),
	('80917','CUSCO','LA CONVENCION','MANITEA','TAWANTINSUYO',3,'SELVA ALTA\r'),
	('80918','CUSCO','LA CONVENCION','UNION ASHANINKA','MANTARO',3,'SELVA ALTA\r'),
	('81001','CUSCO','PARURO','PARURO','PARURO',2,'SIERRA\r'),
	('81002','CUSCO','PARURO','ACCHA','ACCHA',2,'SIERRA\r'),
	('81003','CUSCO','PARURO','CCAPI','CCAPI',2,'SIERRA\r'),
	('81004','CUSCO','PARURO','COLCHA','COLCHA',2,'SIERRA\r'),
	('81005','CUSCO','PARURO','HUANOQUITE','HUANOQUITE',2,'SIERRA\r'),
	('81006','CUSCO','PARURO','OMACHA','OMACHA',2,'SIERRA\r'),
	('81007','CUSCO','PARURO','PACCARITAMBO','PACCARITAMBO',2,'SIERRA\r'),
	('81008','CUSCO','PARURO','PILLPINTO','PILLPINTO',2,'SIERRA\r'),
	('81009','CUSCO','PARURO','YAURISQUE','YAURISQUE',2,'SIERRA\r'),
	('81101','CUSCO','PAUCARTAMBO','PAUCARTAMBO','PAUCARTAMBO',2,'SIERRA\r'),
	('81102','CUSCO','PAUCARTAMBO','CAICAY','CAICAY',2,'SIERRA\r'),
	('81103','CUSCO','PAUCARTAMBO','CHALLABAMBA','CHALLABAMBA',2,'SIERRA\r'),
	('81104','CUSCO','PAUCARTAMBO','COLQUEPATA','COLQUEPATA',2,'SIERRA\r'),
	('81105','CUSCO','PAUCARTAMBO','HUANCARANI','HUANCARANI',2,'SIERRA\r'),
	('81106','CUSCO','PAUCARTAMBO','KOSÑIPATA','PILLCOPATA',3,'SELVA ALTA\r'),
	('81201','CUSCO','QUISPICANCHI','URCOS','URCOS',2,'SIERRA\r'),
	('81202','CUSCO','QUISPICANCHI','ANDAHUAYLILLAS','ANDAHUAYLILLAS',2,'SIERRA\r'),
	('81203','CUSCO','QUISPICANCHI','CAMANTI','QUINCE MIL',3,'SELVA ALTA\r'),
	('81204','CUSCO','QUISPICANCHI','CCARHUAYO','CCARHUAYO',2,'SIERRA\r'),
	('81205','CUSCO','QUISPICANCHI','CCATCA','CCATCA',2,'SIERRA\r'),
	('81206','CUSCO','QUISPICANCHI','CUSIPATA','CUSIPATA',2,'SIERRA\r'),
	('81207','CUSCO','QUISPICANCHI','HUARO','HUARO',2,'SIERRA\r'),
	('81208','CUSCO','QUISPICANCHI','LUCRE','LUCRE',2,'SIERRA\r'),
	('81209','CUSCO','QUISPICANCHI','MARCAPATA','MARCAPATA',2,'SIERRA\r'),
	('81210','CUSCO','QUISPICANCHI','OCONGATE','OCONGATE',2,'SIERRA\r'),
	('81211','CUSCO','QUISPICANCHI','OROPESA','OROPESA',2,'SIERRA\r'),
	('81212','CUSCO','QUISPICANCHI','QUIQUIJANA','QUIQUIJANA',2,'SIERRA\r'),
	('81301','CUSCO','URUBAMBA','URUBAMBA','URUBAMBA',2,'SIERRA\r'),
	('81302','CUSCO','URUBAMBA','CHINCHERO','CHINCHERO',2,'SIERRA\r'),
	('81303','CUSCO','URUBAMBA','HUAYLLABAMBA','HUAYLLABAMBA',2,'SIERRA\r'),
	('81304','CUSCO','URUBAMBA','MACHUPICCHU','MACHUPICCHU',2,'SIERRA\r'),
	('81305','CUSCO','URUBAMBA','MARAS','MARAS',2,'SIERRA\r'),
	('81306','CUSCO','URUBAMBA','OLLANTAYTAMBO','OLLANTAYTAMBO',2,'SIERRA\r'),
	('81307','CUSCO','URUBAMBA','YUCAY','YUCAY',2,'SIERRA\r'),
	('90101','HUANCAVELICA','HUANCAVELICA','HUANCAVELICA','HUANCAVELICA',2,'SIERRA\r'),
	('90102','HUANCAVELICA','HUANCAVELICA','ACOBAMBILLA','ACOBAMBILLA',2,'SIERRA\r'),
	('90103','HUANCAVELICA','HUANCAVELICA','ACORIA','ACORIA',2,'SIERRA\r'),
	('90104','HUANCAVELICA','HUANCAVELICA','CONAYCA','CONAYCA',2,'SIERRA\r'),
	('90105','HUANCAVELICA','HUANCAVELICA','CUENCA','CUENCA',2,'SIERRA\r'),
	('90106','HUANCAVELICA','HUANCAVELICA','HUACHOCOLPA','HUACHOCOLPA',2,'SIERRA\r'),
	('90107','HUANCAVELICA','HUANCAVELICA','HUAYLLAHUARA','HUAYLLAHUARA',2,'SIERRA\r'),
	('90108','HUANCAVELICA','HUANCAVELICA','IZCUCHACA','IZCUCHACA',2,'SIERRA\r'),
	('90109','HUANCAVELICA','HUANCAVELICA','LARIA','LARIA',2,'SIERRA\r'),
	('90110','HUANCAVELICA','HUANCAVELICA','MANTA','MANTA',2,'SIERRA\r'),
	('90111','HUANCAVELICA','HUANCAVELICA','MARISCAL CACERES','MARISCAL CACERES',2,'SIERRA\r'),
	('90112','HUANCAVELICA','HUANCAVELICA','MOYA','MOYA',2,'SIERRA\r'),
	('90113','HUANCAVELICA','HUANCAVELICA','NUEVO OCCORO','OCCORO',2,'SIERRA\r'),
	('90114','HUANCAVELICA','HUANCAVELICA','PALCA','PALCA',2,'SIERRA\r'),
	('90115','HUANCAVELICA','HUANCAVELICA','PILCHACA','PILCHACA',2,'SIERRA\r'),
	('90116','HUANCAVELICA','HUANCAVELICA','VILCA','VILCA',2,'SIERRA\r'),
	('90117','HUANCAVELICA','HUANCAVELICA','YAULI','YAULI',2,'SIERRA\r'),
	('90118','HUANCAVELICA','HUANCAVELICA','ASCENSION','ASCENSION',2,'SIERRA\r'),
	('90119','HUANCAVELICA','HUANCAVELICA','HUANDO','HUANDO',2,'SIERRA\r'),
	('90201','HUANCAVELICA','ACOBAMBA','ACOBAMBA','ACOBAMBA',2,'SIERRA\r'),
	('90202','HUANCAVELICA','ACOBAMBA','ANDABAMBA','ANDABAMBA',2,'SIERRA\r'),
	('90203','HUANCAVELICA','ACOBAMBA','ANTA','ANTA',2,'SIERRA\r'),
	('90204','HUANCAVELICA','ACOBAMBA','CAJA','CAJA',2,'SIERRA\r'),
	('90205','HUANCAVELICA','ACOBAMBA','MARCAS','MARCAS',2,'SIERRA\r'),
	('90206','HUANCAVELICA','ACOBAMBA','PAUCARA','PAUCARA',2,'SIERRA\r'),
	('90207','HUANCAVELICA','ACOBAMBA','POMACOCHA','POMACOCHA',2,'SIERRA\r'),
	('90208','HUANCAVELICA','ACOBAMBA','ROSARIO','ROSARIO',2,'SIERRA\r'),
	('90301','HUANCAVELICA','ANGARAES','LIRCAY','LIRCAY',2,'SIERRA\r'),
	('90302','HUANCAVELICA','ANGARAES','ANCHONGA','ANCHONGA',2,'SIERRA\r'),
	('90303','HUANCAVELICA','ANGARAES','CALLANMARCA','CALLANMARCA',2,'SIERRA\r'),
	('90304','HUANCAVELICA','ANGARAES','CCOCHACCASA','CCOCHACCASA',2,'SIERRA\r'),
	('90305','HUANCAVELICA','ANGARAES','CHINCHO','CHINCHO',2,'SIERRA\r'),
	('90306','HUANCAVELICA','ANGARAES','CONGALLA','CONGALLA',2,'SIERRA\r'),
	('90307','HUANCAVELICA','ANGARAES','HUANCA-HUANCA','HUANCA-HUANCA',2,'SIERRA\r'),
	('90308','HUANCAVELICA','ANGARAES','HUAYLLAY GRANDE','HUAYLLAY GRANDE',2,'SIERRA\r'),
	('90309','HUANCAVELICA','ANGARAES','JULCAMARCA','JULCAMARCA',2,'SIERRA\r'),
	('90310','HUANCAVELICA','ANGARAES','SAN ANTONIO DE ANTAPARCO','ANTAPARCO',2,'SIERRA\r'),
	('90311','HUANCAVELICA','ANGARAES','SANTO TOMAS DE PATA','SANTO TOMAS DE PATA',2,'SIERRA\r'),
	('90312','HUANCAVELICA','ANGARAES','SECCLLA','SECCLLA',2,'SIERRA\r'),
	('90401','HUANCAVELICA','CASTROVIRREYNA','CASTROVIRREYNA','CASTROVIRREYNA',2,'SIERRA\r'),
	('90402','HUANCAVELICA','CASTROVIRREYNA','ARMA','ARMA',2,'SIERRA\r'),
	('90403','HUANCAVELICA','CASTROVIRREYNA','AURAHUA','AURAHUA',2,'SIERRA\r'),
	('90404','HUANCAVELICA','CASTROVIRREYNA','CAPILLAS','CAPILLAS',2,'SIERRA\r'),
	('90405','HUANCAVELICA','CASTROVIRREYNA','CHUPAMARCA','CHUPAMARCA',2,'SIERRA\r'),
	('90406','HUANCAVELICA','CASTROVIRREYNA','COCAS','COCAS',2,'SIERRA\r'),
	('90407','HUANCAVELICA','CASTROVIRREYNA','HUACHOS','HUACHOS',2,'SIERRA\r'),
	('90408','HUANCAVELICA','CASTROVIRREYNA','HUAMATAMBO','HUAMATAMBO',2,'SIERRA\r'),
	('90409','HUANCAVELICA','CASTROVIRREYNA','MOLLEPAMPA','MOLLEPAMPA',2,'SIERRA\r'),
	('90410','HUANCAVELICA','CASTROVIRREYNA','SAN JUAN','SAN JUAN',1,'COSTA\r'),
	('90411','HUANCAVELICA','CASTROVIRREYNA','SANTA ANA','SANTA ANA',2,'SIERRA\r'),
	('90412','HUANCAVELICA','CASTROVIRREYNA','TANTARA','TANTARA',2,'SIERRA\r'),
	('90413','HUANCAVELICA','CASTROVIRREYNA','TICRAPO','TICRAPO',2,'SIERRA\r'),
	('90501','HUANCAVELICA','CHURCAMPA','CHURCAMPA','CHURCAMPA',2,'SIERRA\r'),
	('90502','HUANCAVELICA','CHURCAMPA','ANCO','LA ESMERALDA',2,'SIERRA\r'),
	('90503','HUANCAVELICA','CHURCAMPA','CHINCHIHUASI','CHINCHIHUASI',2,'SIERRA\r'),
	('90504','HUANCAVELICA','CHURCAMPA','EL CARMEN','PAUCARBAMBILLA',2,'SIERRA\r'),
	('90505','HUANCAVELICA','CHURCAMPA','LA MERCED','LA MERCED',2,'SIERRA\r'),
	('90506','HUANCAVELICA','CHURCAMPA','LOCROJA','LOCROJA',2,'SIERRA\r'),
	('90507','HUANCAVELICA','CHURCAMPA','PAUCARBAMBA','PAUCARBAMBA',2,'SIERRA\r'),
	('90508','HUANCAVELICA','CHURCAMPA','SAN MIGUEL DE MAYOCC','MAYOCC',2,'SIERRA\r'),
	('90509','HUANCAVELICA','CHURCAMPA','SAN PEDRO DE CORIS','SAN PEDRO DE CORIS',2,'SIERRA\r'),
	('90510','HUANCAVELICA','CHURCAMPA','PACHAMARCA','PACHAMARCA',2,'SIERRA\r'),
	('90511','HUANCAVELICA','CHURCAMPA','COSME','SANTA CLARA DE COSME',2,'SIERRA\r'),
	('90601','HUANCAVELICA','HUAYTARA','HUAYTARA','HUAYTARA',2,'SIERRA\r'),
	('90602','HUANCAVELICA','HUAYTARA','AYAVI','AYAVI',2,'SIERRA\r'),
	('90603','HUANCAVELICA','HUAYTARA','CORDOVA','CORDOVA',2,'SIERRA\r'),
	('90604','HUANCAVELICA','HUAYTARA','HUAYACUNDO ARMA','HUAYACUNDO ARMA',2,'SIERRA\r'),
	('90605','HUANCAVELICA','HUAYTARA','LARAMARCA','LARAMARCA',2,'SIERRA\r'),
	('90606','HUANCAVELICA','HUAYTARA','OCOYO','OCOYO',1,'COSTA\r'),
	('90607','HUANCAVELICA','HUAYTARA','PILPICHACA','PILPICHACA',2,'SIERRA\r'),
	('90608','HUANCAVELICA','HUAYTARA','QUERCO','QUERCO',2,'SIERRA\r'),
	('90609','HUANCAVELICA','HUAYTARA','QUITO-ARMA','QUITO-ARMA',2,'SIERRA\r'),
	('90610','HUANCAVELICA','HUAYTARA','SAN ANTONIO DE CUSICANCHA','CUSICANCHA',2,'SIERRA\r'),
	('90611','HUANCAVELICA','HUAYTARA','SAN FRANCISCO DE SANGAYAICO','SAN FRANCISCO DE SANGAYAICO',2,'SIERRA\r'),
	('90612','HUANCAVELICA','HUAYTARA','SAN ISIDRO','SAN JUAN DE HUIRPACANCHA',2,'SIERRA\r'),
	('90613','HUANCAVELICA','HUAYTARA','SANTIAGO DE CHOCORVOS','SANTIAGO DE CHOCORVOS',2,'SIERRA\r'),
	('90614','HUANCAVELICA','HUAYTARA','SANTIAGO DE QUIRAHUARA','SANTIAGO DE QUIRAHUARA',2,'SIERRA\r'),
	('90615','HUANCAVELICA','HUAYTARA','SANTO DOMINGO DE CAPILLAS','SANTO DOMINGO DE CAPILLAS',2,'SIERRA\r'),
	('90616','HUANCAVELICA','HUAYTARA','TAMBO','TAMBO',2,'SIERRA\r'),
	('90701','HUANCAVELICA','TAYACAJA','PAMPAS','PAMPAS',2,'SIERRA\r'),
	('90702','HUANCAVELICA','TAYACAJA','ACOSTAMBO','ACOSTAMBO',2,'SIERRA\r'),
	('90703','HUANCAVELICA','TAYACAJA','ACRAQUIA','ACRAQUIA',2,'SIERRA\r'),
	('90704','HUANCAVELICA','TAYACAJA','AHUAYCHA','AHUAYCHA',2,'SIERRA\r'),
	('90705','HUANCAVELICA','TAYACAJA','COLCABAMBA','COLCABAMBA',2,'SIERRA\r'),
	('90706','HUANCAVELICA','TAYACAJA','DANIEL HERNANDEZ','MARISCAL CACERES',2,'SIERRA\r'),
	('90707','HUANCAVELICA','TAYACAJA','HUACHOCOLPA','HUACHOCOLPA',2,'SIERRA\r'),
	('90709','HUANCAVELICA','TAYACAJA','HUARIBAMBA','HUARIBAMBA',2,'SIERRA\r'),
	('90710','HUANCAVELICA','TAYACAJA','ÑAHUIMPUQUIO','ÑAHUIMPUQUIO',2,'SIERRA\r'),
	('90711','HUANCAVELICA','TAYACAJA','PAZOS','PAZOS',2,'SIERRA\r'),
	('90713','HUANCAVELICA','TAYACAJA','QUISHUAR','QUISHUAR',2,'SIERRA\r'),
	('90714','HUANCAVELICA','TAYACAJA','SALCABAMBA','SALCABAMBA',2,'SIERRA\r'),
	('90715','HUANCAVELICA','TAYACAJA','SALCAHUASI','SALCAHUASI',2,'SIERRA\r'),
	('90716','HUANCAVELICA','TAYACAJA','SAN MARCOS DE ROCCHAC','SAN MARCOS DE ROCCHAC',2,'SIERRA\r'),
	('90717','HUANCAVELICA','TAYACAJA','SURCUBAMBA','SURCUBAMBA',2,'SIERRA\r'),
	('90718','HUANCAVELICA','TAYACAJA','TINTAY PUNCU','TINTAY',2,'SIERRA\r'),
	('90719','HUANCAVELICA','TAYACAJA','QUICHUAS','QUICHUAS',2,'SIERRA\r'),
	('90720','HUANCAVELICA','TAYACAJA','ANDAYMARCA','ANDAYMARCA',2,'SIERRA\r'),
	('90721','HUANCAVELICA','TAYACAJA','ROBLE','PUERTO SAN ANTONIO',2,'SIERRA\r'),
	('90722','HUANCAVELICA','TAYACAJA','PICHOS','PICHOS',2,'SIERRA\r'),
	('90723','HUANCAVELICA','TAYACAJA','SANTIAGO DE TUCUMA','SANTIAGO DE TUCUMA',2,'SIERRA\r'),
	('90724','HUANCAVELICA','TAYACAJA','LAMBRAS','SANTA MARIA',2,'SIERRA\r'),
	('90725','HUANCAVELICA','TAYACAJA','COCHABAMBA','COCHABAMBA GRANDE',2,'SIERRA\r');

/*!40000 ALTER TABLE `ubigeo_inei` ENABLE KEYS */;
UNLOCK TABLES;


# Volcado de tabla unidades_medida_unece
# ------------------------------------------------------------

DROP TABLE IF EXISTS `unidades_medida_unece`;

CREATE TABLE `unidades_medida_unece` (
  `id_unidad` mediumint(8) unsigned NOT NULL AUTO_INCREMENT,
  `cod_uni_med_sunat` char(3) NOT NULL DEFAULT '',
  `nombre` varchar(120) NOT NULL,
  `simbolo` varchar(20) DEFAULT NULL,
  `descripcion` varchar(255) DEFAULT NULL,
  `categoria` varchar(60) DEFAULT NULL,
  `factor_si` varchar(40) DEFAULT NULL,
  `nivel` tinyint(3) unsigned DEFAULT NULL,
  `estado` char(1) DEFAULT 'A',
  PRIMARY KEY (`id_unidad`),
  UNIQUE KEY `codigo` (`cod_uni_med_sunat`)
) ENGINE=InnoDB DEFAULT CHARSET=utf8mb4;

LOCK TABLES `unidades_medida_unece` WRITE;
/*!40000 ALTER TABLE `unidades_medida_unece` DISABLE KEYS */;

INSERT INTO `unidades_medida_unece` (`id_unidad`, `cod_uni_med_sunat`, `nombre`, `simbolo`, `descripcion`, `categoria`, `factor_si`, `nivel`, `estado`)
VALUES
	(1,'NIU','Unidad (bienes)','UND',NULL,NULL,NULL,NULL,'A'),
	(2,'ZZ','Unidad (servicios)','SERV',NULL,NULL,NULL,NULL,'A'),
	(3,'KGM','Kilogramo','kg',NULL,NULL,NULL,NULL,'A'),
	(4,'GRM','Gramo','g',NULL,NULL,NULL,NULL,'A'),
	(5,'MGM','Miligramo','mg',NULL,NULL,NULL,NULL,'A'),
	(6,'TNE','Tonelada métrica','t',NULL,NULL,NULL,NULL,'A'),
	(7,'LTR','Litro','L',NULL,NULL,NULL,NULL,'A'),
	(8,'MLT','Mililitro','mL',NULL,NULL,NULL,NULL,'A'),
	(9,'LBR','Libra','lb',NULL,NULL,NULL,NULL,'A'),
	(10,'MTR','Metro','m',NULL,NULL,NULL,NULL,'A'),
	(11,'CMT','Centímetro','cm',NULL,NULL,NULL,NULL,'A'),
	(12,'CMK','Centímetro cuadrado','cm²',NULL,NULL,NULL,NULL,'A'),
	(13,'CMQ','Centímetro cúbico','cm³',NULL,NULL,NULL,NULL,'A'),
	(14,'MMT','Milímetro','mm',NULL,NULL,NULL,NULL,'A'),
	(15,'MMK','Milímetro cuadrado','mm²',NULL,NULL,NULL,NULL,'A'),
	(16,'MMQ','Milímetro cúbico','mm³',NULL,NULL,NULL,NULL,'A'),
	(17,'MTK','Metro cuadrado','m²',NULL,NULL,NULL,NULL,'A'),
	(18,'MTQ','Metro cúbico','m³',NULL,NULL,NULL,NULL,'A'),
	(19,'KTM','Kilómetro','km',NULL,NULL,NULL,NULL,'A'),
	(20,'KWH','Kilovatio hora','kWh',NULL,NULL,NULL,NULL,'A'),
	(21,'MWH','Megavatio hora','MWh',NULL,NULL,NULL,NULL,'A'),
	(22,'JOU','Joule','J',NULL,NULL,NULL,NULL,'A'),
	(23,'DZN','Docena','doc',NULL,NULL,NULL,NULL,'A'),
	(24,'CEN','Ciento de unidades','cien',NULL,NULL,NULL,NULL,'A'),
	(25,'BX','Caja','caj',NULL,NULL,NULL,NULL,'A'),
	(26,'CT','Cartón','cton',NULL,NULL,NULL,NULL,'A'),
	(27,'BG','Bolsa','bol',NULL,NULL,NULL,NULL,'A'),
	(28,'BO','Botella','bot',NULL,NULL,NULL,NULL,'A'),
	(29,'GLL','Galón estadounidense','gal',NULL,NULL,NULL,NULL,'A'),
	(30,'FOT','Pie','ft',NULL,NULL,NULL,NULL,'A'),
	(31,'YRD','Yarda','yd',NULL,NULL,NULL,NULL,'A'),
	(32,'INH','Pulgada','in',NULL,NULL,NULL,NULL,'A'),
	(33,'DAY','Día','d',NULL,NULL,NULL,NULL,'A'),
	(34,'HUR','Hora','h',NULL,NULL,NULL,NULL,'A'),
	(35,'MIN','Minuto','min',NULL,NULL,NULL,NULL,'A'),
	(36,'SEC','Segundo','s',NULL,NULL,NULL,NULL,'A'),
	(37,'PK','Paquete','pkt',NULL,NULL,NULL,NULL,'A'),
	(38,'KT','Kit','kit',NULL,NULL,NULL,NULL,'A'),
	(39,'SET','Juego','jgo',NULL,NULL,NULL,NULL,'A');

/*!40000 ALTER TABLE `unidades_medida_unece` ENABLE KEYS */;
UNLOCK TABLES;


# Volcado de tabla usuario
# ------------------------------------------------------------

DROP TABLE IF EXISTS `usuario`;

CREATE TABLE `usuario` (
  `id_usuario` int(10) unsigned NOT NULL AUTO_INCREMENT,
  `fechaRegistro_usuario` datetime DEFAULT CURRENT_TIMESTAMP,
  `id_tipoDocumento` int(11) NOT NULL,
  `numeroDocumento_usuario` varchar(11) NOT NULL DEFAULT '',
  `fechaNacimiento_usuario` date DEFAULT NULL,
  `nombres_apellidos_usuario` varchar(60) NOT NULL,
  `numeroCelular` varchar(9) DEFAULT NULL,
  `email` varchar(100) NOT NULL,
  `password` char(60) NOT NULL,
  `id_sede` smallint(5) unsigned DEFAULT NULL,
  `id_rol` tinyint(3) unsigned DEFAULT NULL,
  `privilegios_json` json DEFAULT NULL,
  `activo` tinyint(1) DEFAULT NULL,
  PRIMARY KEY (`id_usuario`)
) ENGINE=InnoDB DEFAULT CHARSET=utf8;

LOCK TABLES `usuario` WRITE;
/*!40000 ALTER TABLE `usuario` DISABLE KEYS */;

INSERT INTO `usuario` (`id_usuario`, `fechaRegistro_usuario`, `id_tipoDocumento`, `numeroDocumento_usuario`, `fechaNacimiento_usuario`, `nombres_apellidos_usuario`, `numeroCelular`, `email`, `password`, `id_sede`, `id_rol`, `privilegios_json`, `activo`)
VALUES
	(1,'2025-08-02 13:01:14',1,'12345678','1992-01-15','PIERRE G CASAMAYOU C.','943419703','gca1956@yahoo.es','$2y$12$BOg.cP1vhL0sQhGJRY15eu9FsdRg6zhLRyWEOi/ZQd4bn8Mht5TcS',1,1,NULL,1),
	(2,'2025-08-02 13:07:20',1,'87654321','2002-01-01','ANA CALDERON','943419703','pgcc92@gmail.com','$2y$12$BOg.cP1vhL0sQhGJRY15eu9FsdRg6zhLRyWEOi/ZQd4bn8Mht5TcS',3,2,NULL,1),
	(3,'2025-08-02 13:52:24',1,'12223456','2000-01-01','GENARO CARDENAS','943419703','chatopenai728@gmail.com','$2y$12$R/LpUKuvyNleJY.yIa2bwu0ZAsZx9UwqZCSn.1D1xHhUbgrxFszSa',NULL,NULL,NULL,1);

/*!40000 ALTER TABLE `usuario` ENABLE KEYS */;
UNLOCK TABLES;


# Volcado de tabla venta_cabecera
# ------------------------------------------------------------

DROP TABLE IF EXISTS `venta_cabecera`;

CREATE TABLE `venta_cabecera` (
  `id_venta` bigint(20) unsigned NOT NULL AUTO_INCREMENT,
  `id_empresa` int(10) unsigned NOT NULL,
  `id_sede` smallint(5) unsigned NOT NULL,
  `id_cliente` int(10) unsigned NOT NULL,
  `tipo_comprobante` char(2) NOT NULL DEFAULT '' COMMENT 'Catálogo 01 (ej. 01=Factura, 03=Boleta)',
  `serie` varchar(4) NOT NULL,
  `correlativo` int(10) unsigned NOT NULL,
  `fecha_emision` datetime NOT NULL,
  `fecha_vencimiento` date DEFAULT NULL,
  `id_moneda` int(10) unsigned NOT NULL,
  `tipo_cambio` decimal(12,6) DEFAULT NULL,
  `op_gravada` decimal(12,2) DEFAULT '0.00',
  `op_exonerada` decimal(12,2) DEFAULT '0.00',
  `op_inafecta` decimal(12,2) DEFAULT '0.00',
  `op_gratuita` decimal(12,2) DEFAULT '0.00',
  `descuento_global` decimal(12,2) DEFAULT '0.00',
  `isc_total` decimal(12,2) DEFAULT '0.00',
  `icbper_total` decimal(12,2) DEFAULT '0.00',
  `igv_total` decimal(12,2) DEFAULT '0.00',
  `percepcion_total` decimal(12,2) DEFAULT '0.00',
  `detraccion_total` decimal(12,2) DEFAULT '0.00',
  `anticipo_total` decimal(12,2) DEFAULT '0.00',
  `otros_cargos` decimal(12,2) DEFAULT '0.00',
  `total_venta` decimal(12,2) NOT NULL,
  `redondeo` decimal(12,2) DEFAULT '0.00',
  `forma_pago` enum('CONTADO','CREDITO') NOT NULL,
  `saldo_pendiente` decimal(12,2) DEFAULT '0.00',
  `id_usuario` int(10) unsigned DEFAULT NULL,
  `observaciones` text,
  `estado` enum('EMITIDO','ANULADO') DEFAULT 'EMITIDO',
  PRIMARY KEY (`id_venta`),
  UNIQUE KEY `uk_cpe` (`id_empresa`,`id_sede`,`tipo_comprobante`,`serie`,`correlativo`),
  KEY `idx_cliente` (`id_cliente`)
) ENGINE=InnoDB DEFAULT CHARSET=utf8;



# Volcado de tabla venta_cuota
# ------------------------------------------------------------

DROP TABLE IF EXISTS `venta_cuota`;

CREATE TABLE `venta_cuota` (
  `id_cuota` bigint(20) unsigned NOT NULL AUTO_INCREMENT,
  `id_venta` bigint(20) unsigned NOT NULL,
  `nro_cuota` int(10) unsigned NOT NULL,
  `fecha_venc` date NOT NULL,
  `monto` decimal(12,2) NOT NULL,
  `pagado` decimal(12,2) DEFAULT '0.00',
  `estado` enum('PENDIENTE','PAGADA','VENCIDA') DEFAULT 'PENDIENTE',
  PRIMARY KEY (`id_cuota`),
  UNIQUE KEY `uk_cuota` (`id_venta`,`nro_cuota`)
) ENGINE=InnoDB DEFAULT CHARSET=utf8;



# Volcado de tabla venta_detalle
# ------------------------------------------------------------

DROP TABLE IF EXISTS `venta_detalle`;

CREATE TABLE `venta_detalle` (
  `id_venta_detalle` bigint(20) unsigned NOT NULL AUTO_INCREMENT,
  `id_venta` bigint(20) unsigned NOT NULL,
  `id_producto_variante` int(10) unsigned DEFAULT NULL,
  `descripcion` varchar(500) NOT NULL,
  `cantidad` decimal(12,3) NOT NULL,
  `id_unidad` mediumint(8) unsigned NOT NULL,
  `valor_unitario` decimal(12,6) NOT NULL,
  `precio_unitario` decimal(12,6) NOT NULL,
  `descuento_item` decimal(12,6) DEFAULT '0.000000',
  `id_tipo_afectacion` int(10) unsigned NOT NULL COMMENT 'tipo_afectacionIGV (Cat. 07)',
  `igv_pct` decimal(5,2) DEFAULT '18.00',
  `igv_monto` decimal(12,6) DEFAULT '0.000000',
  `id_calculo_isc` int(10) unsigned DEFAULT NULL COMMENT 'a calculoISC',
  `isc_monto` decimal(12,6) DEFAULT '0.000000',
  `icbper_monto` decimal(12,6) DEFAULT '0.000000',
  `tipo_precio_codigo` varchar(2) DEFAULT '01',
  `subtotal_sin_igv` decimal(12,6) NOT NULL,
  `total_item` decimal(12,6) NOT NULL,
  PRIMARY KEY (`id_venta_detalle`)
) ENGINE=InnoDB DEFAULT CHARSET=utf8;



# Volcado de tabla venta_nota
# ------------------------------------------------------------

DROP TABLE IF EXISTS `venta_nota`;

CREATE TABLE `venta_nota` (
  `id_nota` bigint(20) unsigned NOT NULL AUTO_INCREMENT COMMENT 'Notas de crédito/débito',
  `tipo_nota` enum('CREDITO','DEBITO') NOT NULL,
  `id_venta_ref` bigint(20) unsigned NOT NULL COMMENT 'CPE referenciado',
  `motivo_codigo` varchar(2) NOT NULL DEFAULT '' COMMENT 'Catálogo según SUNAT',
  `motivo_descripcion` varchar(200) DEFAULT NULL,
  `id_venta_nueva` bigint(20) unsigned DEFAULT NULL COMMENT 'si generas un CPE “nota” propio',
  `fecha_emision` datetime NOT NULL,
  `total_nota` decimal(12,2) NOT NULL,
  PRIMARY KEY (`id_nota`)
) ENGINE=InnoDB DEFAULT CHARSET=utf8;




/*!40111 SET SQL_NOTES=@OLD_SQL_NOTES */;
/*!40101 SET SQL_MODE=@OLD_SQL_MODE */;
/*!40014 SET FOREIGN_KEY_CHECKS=@OLD_FOREIGN_KEY_CHECKS */;
/*!40101 SET CHARACTER_SET_CLIENT=@OLD_CHARACTER_SET_CLIENT */;
/*!40101 SET CHARACTER_SET_RESULTS=@OLD_CHARACTER_SET_RESULTS */;
/*!40101 SET COLLATION_CONNECTION=@OLD_COLLATION_CONNECTION */;
